Detectors,DataTypes,Resources,Locations,Units,2024,2025,2026,2027,2028,2029,2030,2031,2032,Explanation
SP,Raw-Events,input,Total,Million,0.000,0.000,0.000,0.000,0.000,0.000,0.000,0.000,0.000,Inputs from NearTerm_2025-10-26-2040_timeline.csv
SP,Test,input,Total,TB,0.000,0.000,0.000,0.000,0.000,0.000,0.000,0.000,0.000,Inputs from NearTerm_2025-10-26-2040_timeline.csv
SP,Sim-Events,input,Total,Million,0.890,0.000,0.000,0.000,0.000,0.000,0.000,0.000,0.000,Inputs from NearTerm_2025-10-26-2040_timeline.csv
Coldbox,Test,input,Total,TB,151.400,0.000,0.000,0.000,0.000,0.000,0.000,0.000,0.000,Inputs from NearTerm_2025-10-26-2040_timeline.csv
Coldbox,Raw-Events,input,Total,Million,0.000,0.000,0.000,0.000,0.000,0.000,0.000,0.000,0.000,Inputs from NearTerm_2025-10-26-2040_timeline.csv
Coldbox,Sim-Events,input,Total,Million,0.000,0.000,0.000,0.000,0.000,0.000,0.000,0.000,0.000,Inputs from NearTerm_2025-10-26-2040_timeline.csv
PDHD,Raw-Events,input,Total,Million,34.000,0.000,0.000,0.000,0.000,0.000,0.000,0.000,0.000,Inputs from NearTerm_2025-10-26-2040_timeline.csv
PDHD,TP,input,Total,TB,1679.000,0.000,0.000,0.000,0.000,0.000,0.000,0.000,0.000,Inputs from NearTerm_2025-10-26-2040_timeline.csv rescaled  downward by 1.63 to meet cap of 30
PDHD,Test,input,Total,TB,90.000,0.000,0.000,0.000,0.000,0.000,0.000,0.000,0.000,Inputs from NearTerm_2025-10-26-2040_timeline.csv rescaled  downward by 1.63 to meet cap of 30
PDHD,Sim-Events,input,Total,Million,2.600,5.000,5.000,5.000,0.000,0.000,0.000,0.000,0.000,Inputs from NearTerm_2025-10-26-2040_timeline.csv
DP,Raw-Events,input,Total,Million,0.000,0.000,0.000,0.000,0.000,0.000,0.000,0.000,0.000,Inputs from NearTerm_2025-10-26-2040_timeline.csv
DP,Test,input,Total,TB,0.000,0.000,0.000,0.000,0.000,0.000,0.000,0.000,0.000,Inputs from NearTerm_2025-10-26-2040_timeline.csv
DP,Sim-Events,input,Total,Million,0.000,0.000,0.000,0.000,0.000,0.000,0.000,0.000,0.000,Inputs from NearTerm_2025-10-26-2040_timeline.csv
PDVD,Raw-Events,input,Total,Million,5.100,30.000,5.100,0.000,0.000,0.000,0.000,0.000,0.000,Inputs from NearTerm_2025-10-26-2040_timeline.csv
PDVD,TP,input,Total,TB,0.000,1000.000,0.000,0.000,0.000,0.000,0.000,0.000,0.000,Inputs from NearTerm_2025-10-26-2040_timeline.csv rescaled  downward by 1.63 to meet cap of 30
PDVD,Test,input,Total,TB,0.200,500.000,500.000,0.000,0.000,0.000,0.000,0.000,0.000,Inputs from NearTerm_2025-10-26-2040_timeline.csv rescaled  downward by 1.63 to meet cap of 30
PDVD,Sim-Events,input,Total,Million,0.186,5.100,5.100,5.100,0.000,0.000,0.000,0.000,0.000,Inputs from NearTerm_2025-10-26-2040_timeline.csv
FDHD,Raw-Events,input,Total,Million,0.000,0.000,0.000,0.000,0.000,0.000,1.100,2.200,2.200,Inputs from NearTerm_2025-10-26-2040_timeline.csv
FDHD,TP,input,Total,TB,0.000,0.000,0.000,3000.000,3000.000,3000.000,2733.485,2429.150,2429.150,Inputs from NearTerm_2025-10-26-2040_timeline.csv rescaled  downward by 1.63 to meet cap of 30
FDHD,Test,input,Total,TB,0.000,0.000,0.000,2500.000,8000.000,2500.000,2277.904,2024.291,2024.291,Inputs from NearTerm_2025-10-26-2040_timeline.csv rescaled  downward by 1.63 to meet cap of 30
FDHD,Sim-Events,input,Total,Million,22.629,15.000,15.000,15.000,100.000,40.000,40.000,40.000,40.000,Inputs from NearTerm_2025-10-26-2040_timeline.csv
FDVD,Raw-Events,input,Total,Million,0.000,0.000,0.000,0.000,0.000,0.000,2.200,2.200,2.200,Inputs from NearTerm_2025-10-26-2040_timeline.csv
FDVD,TP,input,Total,TB,0.000,0.000,0.000,3100.000,3100.000,3100.000,2824.601,2510.121,2510.121,Inputs from NearTerm_2025-10-26-2040_timeline.csv rescaled  downward by 1.63 to meet cap of 30
FDVD,Test,input,Total,TB,0.000,0.000,0.000,2600.000,8400.000,2600.000,2369.021,2105.263,2105.263,Inputs from NearTerm_2025-10-26-2040_timeline.csv rescaled  downward by 1.63 to meet cap of 30
FDVD,Sim-Events,input,Total,Million,10.836,15.000,15.000,15.000,105.000,42.000,42.000,42.000,42.000,Inputs from NearTerm_2025-10-26-2040_timeline.csv
ND-SAND,Raw-Events,input,Total,Million,0.000,0.000,0.000,0.000,0.000,0.000,0.000,0.000,15.000,Inputs from NearTerm_2025-10-26-2040_timeline.csv
ND-SAND,Test,input,Total,TB,200.000,200.000,200.000,200.000,1000.000,1000.000,1000.000,1000.000,500.000,Inputs from NearTerm_2025-10-26-2040_timeline.csv
ND-SAND,Sim-Events,input,Total,Million,0.000,1.000,5.000,5.000,5.000,20.000,30.000,60.000,60.000,Inputs from NearTerm_2025-10-26-2040_timeline.csv
ND-LAr+TMS,Raw-Events,input,Total,Million,0.000,0.000,0.000,0.000,0.000,0.000,0.000,0.000,15.000,Inputs from NearTerm_2025-10-26-2040_timeline.csv
ND-LAr+TMS,Test,input,Total,TB,100.000,1000.000,1000.000,1000.000,1000.000,1000.000,1000.000,1000.000,500.000,Inputs from NearTerm_2025-10-26-2040_timeline.csv
ND-LAr+TMS,Sim-Events,input,Total,Million,0.000,1.000,5.000,5.000,5.000,5.000,5.000,60.000,60.000,Inputs from NearTerm_2025-10-26-2040_timeline.csv
SP,Raw-Data,Store,Total,TB,0.000,0.000,0.000,0.000,0.000,0.000,0.000,0.000,0.000,Change native types into storage using factor 70.00
SP,Test,Store,Total,TB,0.000,0.000,0.000,0.000,0.000,0.000,0.000,0.000,0.000,Change native types into storage using factor 1.00
DP,Raw-Data,Store,Total,TB,0.000,0.000,0.000,0.000,0.000,0.000,0.000,0.000,0.000,Change native types into storage using factor 110.00
DP,Test,Store,Total,TB,0.000,0.000,0.000,0.000,0.000,0.000,0.000,0.000,0.000,Change native types into storage using factor 1.00
Coldbox,Raw-Data,Store,Total,TB,0.000,0.000,0.000,0.000,0.000,0.000,0.000,0.000,0.000,Change native types into storage using factor 30.00
Coldbox,Test,Store,Total,TB,151.400,0.000,0.000,0.000,0.000,0.000,0.000,0.000,0.000,Change native types into storage using factor 1.00
PDHD,Raw-Data,Store,Total,TB,4760.000,0.000,0.000,0.000,0.000,0.000,0.000,0.000,0.000,Change native types into storage using factor 140.00 rescaled  downward by 1.63 to meet cap of 30
PDHD,TP,Store,Total,TB,1679.000,0.000,0.000,0.000,0.000,0.000,0.000,0.000,0.000,Change native types into storage using factor 1.00 rescaled  downward by 1.63 to meet cap of 30
PDHD,Test,Store,Total,TB,90.000,0.000,0.000,0.000,0.000,0.000,0.000,0.000,0.000,Change native types into storage using factor 1.00 rescaled  downward by 1.63 to meet cap of 30
PDVD,Raw-Data,Store,Total,TB,561.000,3300.000,561.000,0.000,0.000,0.000,0.000,0.000,0.000,Change native types into storage using factor 110.00 rescaled  downward by 1.63 to meet cap of 30
PDVD,TP,Store,Total,TB,0.000,1000.000,0.000,0.000,0.000,0.000,0.000,0.000,0.000,Change native types into storage using factor 1.00 rescaled  downward by 1.63 to meet cap of 30
PDVD,Test,Store,Total,TB,0.200,500.000,500.000,0.000,0.000,0.000,0.000,0.000,0.000,Change native types into storage using factor 1.00 rescaled  downward by 1.63 to meet cap of 30
FDVD,Raw-Data,Store,Total,TB,0.000,0.000,0.000,0.000,0.000,0.000,16036.446,14251.012,14251.012,Change native types into storage using factor 8000.00 rescaled  downward by 1.63 to meet cap of 30
FDVD,TP,Store,Total,TB,0.000,0.000,0.000,3100.000,3100.000,3100.000,2824.601,2510.121,2510.121,Change native types into storage using factor 1.00 rescaled  downward by 1.63 to meet cap of 30
FDVD,Test,Store,Total,TB,0.000,0.000,0.000,2600.000,8400.000,2600.000,2369.021,2105.263,2105.263,Change native types into storage using factor 1.00 rescaled  downward by 1.63 to meet cap of 30
FDHD,Raw-Data,Store,Total,TB,0.000,0.000,0.000,0.000,0.000,0.000,3758.542,6680.162,6680.162,Change native types into storage using factor 3750.00 rescaled  downward by 1.63 to meet cap of 30
FDHD,TP,Store,Total,TB,0.000,0.000,0.000,3000.000,3000.000,3000.000,2733.485,2429.150,2429.150,Change native types into storage using factor 1.00 rescaled  downward by 1.63 to meet cap of 30
FDHD,Test,Store,Total,TB,0.000,0.000,0.000,2500.000,8000.000,2500.000,2277.904,2024.291,2024.291,Change native types into storage using factor 1.00 rescaled  downward by 1.63 to meet cap of 30
ND-SAND,Raw-Data,Store,Total,TB,0.000,0.000,0.000,0.000,0.000,0.000,0.000,0.000,75.000,Change native types into storage using factor 5.00
ND-SAND,Test,Store,Total,TB,200.000,200.000,200.000,200.000,1000.000,1000.000,1000.000,1000.000,500.000,Change native types into storage using factor 1.00
ND-LAr+TMS,Raw-Data,Store,Total,TB,0.000,0.000,0.000,0.000,0.000,0.000,0.000,0.000,150.000,Change native types into storage using factor 10.00
ND-LAr+TMS,Test,Store,Total,TB,100.000,1000.000,1000.000,1000.000,1000.000,1000.000,1000.000,1000.000,500.000,Change native types into storage using factor 1.00
Sub-Total,Raw-Data,Store,Total,TB,5321.000,3300.000,561.000,0.000,0.000,0.000,19794.989,20931.174,20931.174,Sum over raw data types from ProtoDUNEs and Far detector rescaled  downward by 1.63 to meet cap of 30
Sub-Total,TP,Store,Total,TB,1679.000,1000.000,0.000,6100.000,6100.000,6100.000,5558.087,4939.271,4939.271,Sum over raw data types from ProtoDUNEs and Far detector rescaled  downward by 1.63 to meet cap of 30
Sub-Total,Test,Store,Total,TB,90.200,500.000,500.000,5100.000,16400.000,5100.000,4646.925,4129.555,4129.555,Sum over raw data types from ProtoDUNEs and Far detector rescaled  downward by 1.63 to meet cap of 30
PDVD,Sub-Total,Store,Total,TB,561.200,4800.000,1061.000,0.000,0.000,0.000,0.000,0.000,0.000,second sum over raw types rescaled  downward by 1.63 to meet cap of 30
PDHD,Sub-Total,Store,Total,TB,6529.000,0.000,0.000,0.000,0.000,0.000,0.000,0.000,0.000,second sum over raw types rescaled  downward by 1.63 to meet cap of 30
FDHD,Sub-Total,Store,Total,TB,0.000,0.000,0.000,5500.000,11000.000,5500.000,8769.932,11133.603,11133.603,second sum over raw types rescaled  downward by 1.63 to meet cap of 30
FDVD,Sub-Total,Store,Total,TB,0.000,0.000,0.000,5700.000,11500.000,5700.000,21230.068,18866.397,18866.397,second sum over raw types rescaled  downward by 1.63 to meet cap of 30
Sub-Total,Sub-Total,Store,Total,TB,7090.200,4800.000,1061.000,11200.000,22500.000,11200.000,30000.000,30000.000,30000.000,second sum over raw types rescaled  downward by 1.63 to meet cap of 30
SP,Reco-Data,CPU,Total,MHr,0.000,0.000,0.000,0.000,0.000,0.000,0.000,0.000,0.000,Go back 3.00 years for Reco-Data
SP,Reco-Data,GPU,Total,MHr,0.000,0.000,0.000,0.000,0.000,0.000,0.000,0.000,0.000,Go back 3.00 years for Reco-Data
SP,Reco-Data,Store,Total,TB,0.000,0.000,0.000,0.000,0.000,0.000,0.000,0.000,0.000,Go back 3.00 years for Reco-Data
SP,Reco-Sim,CPU,Total,MHr,0.667,0.000,0.000,0.000,0.000,0.000,0.000,0.000,0.000,Scale inputs by 0.75
SP,Reco-Sim,GPU,Total,MHr,0.000,0.000,0.000,0.000,0.000,0.000,0.000,0.000,0.000,Scale inputs by 0.00
SP,Reco-Sim,Store,Total,TB,195.800,0.000,0.000,0.000,0.000,0.000,0.000,0.000,0.000,Scale inputs by 220.00
DP,Reco-Data,CPU,Total,MHr,0.197,0.000,0.000,0.000,0.000,0.000,0.000,0.000,0.000,Go back 3.00 years for Reco-Data
DP,Reco-Data,GPU,Total,MHr,0.000,0.000,0.000,0.000,0.000,0.000,0.000,0.000,0.000,Go back 3.00 years for Reco-Data
DP,Reco-Data,Store,Total,TB,41.405,0.000,0.000,0.000,0.000,0.000,0.000,0.000,0.000,Go back 3.00 years for Reco-Data
DP,Reco-Sim,CPU,Total,MHr,0.000,0.000,0.000,0.000,0.000,0.000,0.000,0.000,0.000,Scale inputs by 0.75
DP,Reco-Sim,GPU,Total,MHr,0.000,0.000,0.000,0.000,0.000,0.000,0.000,0.000,0.000,Scale inputs by 0.00
DP,Reco-Sim,Store,Total,TB,0.000,0.000,0.000,0.000,0.000,0.000,0.000,0.000,0.000,Scale inputs by 220.00
Coldbox,Reco-Data,CPU,Total,MHr,0.000,0.000,0.000,0.000,0.000,0.000,0.000,0.000,0.000,Go back 0.00 years for Reco-Data
Coldbox,Reco-Data,GPU,Total,MHr,0.000,0.000,0.000,0.000,0.000,0.000,0.000,0.000,0.000,Go back 0.00 years for Reco-Data
Coldbox,Reco-Data,Store,Total,TB,0.000,0.000,0.000,0.000,0.000,0.000,0.000,0.000,0.000,Go back 0.00 years for Reco-Data
Coldbox,Reco-Sim,CPU,Total,MHr,0.000,0.000,0.000,0.000,0.000,0.000,0.000,0.000,0.000,Scale inputs by 0.00
Coldbox,Reco-Sim,GPU,Total,MHr,0.000,0.000,0.000,0.000,0.000,0.000,0.000,0.000,0.000,Scale inputs by 0.00
Coldbox,Reco-Sim,Store,Total,TB,0.000,0.000,0.000,0.000,0.000,0.000,0.000,0.000,0.000,Scale inputs by 0.00
PDHD,Reco-Data,CPU,Total,MHr,5.668,5.668,5.668,0.000,0.000,0.000,0.000,0.000,0.000,Go back 3.00 years for Reco-Data
PDHD,Reco-Data,GPU,Total,MHr,0.000,0.000,0.000,0.000,0.000,0.000,0.000,0.000,0.000,Go back 3.00 years for Reco-Data
PDHD,Reco-Data,Store,Total,TB,1190.000,1190.000,1190.000,0.000,0.000,0.000,0.000,0.000,0.000,Go back 3.00 years for Reco-Data
PDHD,Reco-Sim,CPU,Total,MHr,1.950,3.750,3.750,3.750,0.000,0.000,0.000,0.000,0.000,Scale inputs by 0.75
PDHD,Reco-Sim,GPU,Total,MHr,0.000,0.000,0.000,0.000,0.000,0.000,0.000,0.000,0.000,Scale inputs by 0.00
PDHD,Reco-Sim,Store,Total,TB,572.000,1100.000,1100.000,1100.000,0.000,0.000,0.000,0.000,0.000,Scale inputs by 220.00
PDVD,Reco-Data,CPU,Total,MHr,0.850,5.851,6.701,5.851,0.850,0.000,0.000,0.000,0.000,Go back 3.00 years for Reco-Data
PDVD,Reco-Data,GPU,Total,MHr,0.000,0.000,0.000,0.000,0.000,0.000,0.000,0.000,0.000,Go back 3.00 years for Reco-Data
PDVD,Reco-Data,Store,Total,TB,102.000,702.000,804.000,702.000,102.000,0.000,0.000,0.000,0.000,Go back 3.00 years for Reco-Data
PDVD,Reco-Sim,CPU,Total,MHr,0.140,3.825,3.825,3.825,0.000,0.000,0.000,0.000,0.000,Scale inputs by 0.75
PDVD,Reco-Sim,GPU,Total,MHr,0.000,0.000,0.000,0.000,0.000,0.000,0.000,0.000,0.000,Scale inputs by 0.00
PDVD,Reco-Sim,Store,Total,TB,40.920,1122.000,1122.000,1122.000,0.000,0.000,0.000,0.000,0.000,Scale inputs by 220.00
FDVD,Reco-Data,CPU,Total,MHr,0.000,0.000,0.000,0.000,0.000,0.000,2.926,5.852,8.778,Go back 100.00 years for Reco-Data
FDVD,Reco-Data,GPU,Total,MHr,0.000,0.000,0.000,0.000,0.000,0.000,0.220,0.440,0.660,Go back 100.00 years for Reco-Data
FDVD,Reco-Data,Store,Total,TB,0.000,0.000,0.000,0.000,0.000,0.000,44.000,88.000,132.000,Go back 100.00 years for Reco-Data
FDVD,Reco-Sim,CPU,Total,MHr,1.355,1.875,1.875,1.875,13.125,5.250,5.250,5.250,5.250,Scale inputs by 0.12
FDVD,Reco-Sim,GPU,Total,MHr,1.084,1.500,1.500,1.500,10.500,4.200,4.200,4.200,4.200,Scale inputs by 0.10
FDVD,Reco-Sim,Store,Total,TB,216.720,300.000,300.000,300.000,2100.000,840.000,840.000,840.000,840.000,Scale inputs by 20.00
FDHD,Reco-Data,CPU,Total,MHr,0.000,0.000,0.000,0.000,0.000,0.000,1.375,4.125,6.875,Go back 100.00 years for Reco-Data
FDHD,Reco-Data,GPU,Total,MHr,0.000,0.000,0.000,0.000,0.000,0.000,0.000,0.000,0.000,Go back 100.00 years for Reco-Data
FDHD,Reco-Data,Store,Total,TB,0.000,0.000,0.000,0.000,0.000,0.000,22.000,66.000,110.000,Go back 100.00 years for Reco-Data
FDHD,Reco-Sim,CPU,Total,MHr,2.829,1.875,1.875,1.875,12.500,5.000,5.000,5.000,5.000,Scale inputs by 0.12
FDHD,Reco-Sim,GPU,Total,MHr,0.000,0.000,0.000,0.000,0.000,0.000,0.000,0.000,0.000,Scale inputs by 0.00
FDHD,Reco-Sim,Store,Total,TB,452.580,300.000,300.000,300.000,2000.000,800.000,800.000,800.000,800.000,Scale inputs by 20.00
ND-SAND,Reco-Data,CPU,Total,MHr,0.000,0.000,0.000,0.000,0.000,0.000,0.000,0.000,0.033,Go back 100.00 years for Reco-Data
ND-SAND,Reco-Data,GPU,Total,MHr,0.000,0.000,0.000,0.000,0.000,0.000,0.000,0.000,0.000,Go back 100.00 years for Reco-Data
ND-SAND,Reco-Data,Store,Total,TB,0.000,0.000,0.000,0.000,0.000,0.000,0.000,0.000,150.000,Go back 100.00 years for Reco-Data
ND-SAND,Reco-Sim,CPU,Total,MHr,0.000,0.240,1.200,1.200,1.200,4.800,7.200,14.400,14.400,Scale inputs by 0.24
ND-SAND,Reco-Sim,GPU,Total,MHr,0.000,0.000,0.000,0.000,0.000,0.000,0.000,0.000,0.000,Scale inputs by 0.00
ND-SAND,Reco-Sim,Store,Total,TB,0.000,25.000,125.000,125.000,125.000,500.000,750.000,1500.000,1500.000,Scale inputs by 25.00
ND-LAr+TMS,Reco-Data,CPU,Total,MHr,0.000,0.000,0.000,0.000,0.000,0.000,0.000,0.000,11.400,Go back 100.00 years for Reco-Data
ND-LAr+TMS,Reco-Data,GPU,Total,MHr,0.000,0.000,0.000,0.000,0.000,0.000,0.000,0.000,11.400,Go back 100.00 years for Reco-Data
ND-LAr+TMS,Reco-Data,Store,Total,TB,0.000,0.000,0.000,0.000,0.000,0.000,0.000,0.000,300.000,Go back 100.00 years for Reco-Data
ND-LAr+TMS,Reco-Sim,CPU,Total,MHr,0.000,4.600,23.000,23.000,23.000,23.000,23.000,276.000,276.000,Scale inputs by 4.60
ND-LAr+TMS,Reco-Sim,GPU,Total,MHr,0.000,4.600,23.000,23.000,23.000,23.000,23.000,276.000,276.000,Scale inputs by 4.60
ND-LAr+TMS,Reco-Sim,Store,Total,TB,0.000,50.000,250.000,250.000,250.000,250.000,250.000,3000.000,3000.000,Scale inputs by 50.00
SP,Analysis-Data,CPU,Total,MHr,0.000,0.000,0.000,0.000,0.000,0.000,0.000,0.000,0.000,Extend Analysis processing by 2.00 years
SP,Analysis-Sim,CPU,Total,MHr,3.863,3.863,3.863,0.000,0.000,0.000,0.000,0.000,0.000,Extend Analysis processing by 2.00 years
DP,Analysis-Data,CPU,Total,MHr,0.099,0.099,0.099,0.000,0.000,0.000,0.000,0.000,0.000,Extend Analysis processing by 2.00 years
DP,Analysis-Sim,CPU,Total,MHr,0.000,0.000,0.000,0.000,0.000,0.000,0.000,0.000,0.000,Extend Analysis processing by 2.00 years
Coldbox,Analysis-Data,CPU,Total,MHr,0.000,0.000,0.000,0.000,0.000,0.000,0.000,0.000,0.000,Extend Analysis processing by 2.00 years
Coldbox,Analysis-Sim,CPU,Total,MHr,0.000,0.000,0.000,0.000,0.000,0.000,0.000,0.000,0.000,Extend Analysis processing by 2.00 years
PDHD,Analysis-Data,CPU,Total,MHr,2.834,2.834,2.834,2.834,2.834,0.000,0.000,0.000,0.000,Extend Analysis processing by 2.00 years
PDHD,Analysis-Sim,CPU,Total,MHr,0.975,1.875,1.875,1.875,1.875,1.875,0.000,0.000,0.000,Extend Analysis processing by 2.00 years
PDVD,Analysis-Data,CPU,Total,MHr,0.425,2.926,3.351,3.351,3.351,3.351,3.351,0.000,0.000,Extend Analysis processing by 2.00 years
PDVD,Analysis-Sim,CPU,Total,MHr,0.070,1.912,1.912,1.912,1.912,1.912,0.000,0.000,0.000,Extend Analysis processing by 2.00 years
FDVD,Analysis-Data,CPU,Total,MHr,0.000,0.000,0.000,0.000,0.000,0.000,1.463,2.926,4.389,Extend Analysis processing by 2.00 years
FDVD,Analysis-Sim,CPU,Total,MHr,0.677,0.938,0.938,0.938,6.562,6.562,6.562,6.562,6.562,Extend Analysis processing by 2.00 years
FDHD,Analysis-Data,CPU,Total,MHr,0.000,0.000,0.000,0.000,0.000,0.000,0.688,2.062,3.438,Extend Analysis processing by 2.00 years
FDHD,Analysis-Sim,CPU,Total,MHr,1.414,0.938,0.938,0.938,6.250,6.250,6.250,6.250,6.250,Extend Analysis processing by 2.00 years
ND-SAND,Analysis-Data,CPU,Total,MHr,0.000,0.000,0.000,0.000,0.000,0.000,0.000,0.000,0.008,Extend Analysis processing by 2.00 years
ND-SAND,Analysis-Sim,CPU,Total,MHr,0.000,0.060,0.300,0.300,0.300,1.200,1.800,3.600,3.600,Extend Analysis processing by 2.00 years
ND-LAr+TMS,Analysis-Data,CPU,Total,MHr,0.000,0.000,0.000,0.000,0.000,0.000,0.000,0.000,2.850,Extend Analysis processing by 2.00 years
ND-LAr+TMS,Analysis-Sim,CPU,Total,MHr,0.000,1.150,5.750,5.750,5.750,5.750,5.750,69.000,69.000,Extend Analysis processing by 2.00 years
SP,Reco-Sim,CPU Wall,Total,MHr,0.954,0.000,0.000,0.000,0.000,0.000,0.000,0.000,0.000,Add 0.70 efficiency Change units from MHr to MHr using factor of 1.43
SP,Reco-Sim,CPU kHS23-Yr,Total,kHS23-Yr,1.197,0.000,0.000,0.000,0.000,0.000,0.000,0.000,0.000,Add 0.70 efficiency Change units from MHr to kHS23-Yr using factor of 1.79
SP,Reco-Sim,CPU Cores,Total,Cores,108.855,0.000,0.000,0.000,0.000,0.000,0.000,0.000,0.000,Add 0.70 efficiency Change units from MHr to Cores using factor of 163.08
SP,Reco-Sim,GPU Wall,Total,MHr,0.000,0.000,0.000,0.000,0.000,0.000,0.000,0.000,0.000,Add 0.70 efficiency Change units from MHr to MHr using factor of 1.43
SP,Reco-Sim,GPU kHS23-Yr,Total,kHS23-Yr,0.000,0.000,0.000,0.000,0.000,0.000,0.000,0.000,0.000,Add 0.70 efficiency Change units from MHr to kHS23-Yr using factor of 1.79
SP,Reco-Sim,GPU Cores,Total,Cores,0.000,0.000,0.000,0.000,0.000,0.000,0.000,0.000,0.000,Add 0.70 efficiency Change units from MHr to Cores using factor of 163.08
SP,Reco-Data,CPU Wall,Total,MHr,0.000,0.000,0.000,0.000,0.000,0.000,0.000,0.000,0.000,Add 0.70 efficiency Change units from MHr to MHr using factor of 1.43
SP,Reco-Data,CPU kHS23-Yr,Total,kHS23-Yr,0.000,0.000,0.000,0.000,0.000,0.000,0.000,0.000,0.000,Add 0.70 efficiency Change units from MHr to kHS23-Yr using factor of 1.79
SP,Reco-Data,CPU Cores,Total,Cores,0.000,0.000,0.000,0.000,0.000,0.000,0.000,0.000,0.000,Add 0.70 efficiency Change units from MHr to Cores using factor of 163.08
SP,Reco-Data,GPU Wall,Total,MHr,0.000,0.000,0.000,0.000,0.000,0.000,0.000,0.000,0.000,Add 0.70 efficiency Change units from MHr to MHr using factor of 1.43
SP,Reco-Data,GPU kHS23-Yr,Total,kHS23-Yr,0.000,0.000,0.000,0.000,0.000,0.000,0.000,0.000,0.000,Add 0.70 efficiency Change units from MHr to kHS23-Yr using factor of 1.79
SP,Reco-Data,GPU Cores,Total,Cores,0.000,0.000,0.000,0.000,0.000,0.000,0.000,0.000,0.000,Add 0.70 efficiency Change units from MHr to Cores using factor of 163.08
SP,Analysis-Data,CPU Wall,Total,MHr,0.000,0.000,0.000,0.000,0.000,0.000,0.000,0.000,0.000,Add 0.70 efficiency Change units from MHr to MHr using factor of 1.43
SP,Analysis-Data,CPU kHS23-Yr,Total,kHS23-Yr,0.000,0.000,0.000,0.000,0.000,0.000,0.000,0.000,0.000,Add 0.70 efficiency Change units from MHr to kHS23-Yr using factor of 1.79
SP,Analysis-Data,CPU Cores,Total,Cores,0.000,0.000,0.000,0.000,0.000,0.000,0.000,0.000,0.000,Add 0.70 efficiency Change units from MHr to Cores using factor of 163.08
SP,Analysis-Sim,CPU Wall,Total,MHr,5.518,5.518,5.518,0.000,0.000,0.000,0.000,0.000,0.000,Add 0.70 efficiency Change units from MHr to MHr using factor of 1.43
SP,Analysis-Sim,CPU kHS23-Yr,Total,kHS23-Yr,6.929,6.929,6.929,0.000,0.000,0.000,0.000,0.000,0.000,Add 0.70 efficiency Change units from MHr to kHS23-Yr using factor of 1.79
SP,Analysis-Sim,CPU Cores,Total,Cores,629.892,629.892,629.892,0.000,0.000,0.000,0.000,0.000,0.000,Add 0.70 efficiency Change units from MHr to Cores using factor of 163.08
DP,Reco-Sim,CPU Wall,Total,MHr,0.000,0.000,0.000,0.000,0.000,0.000,0.000,0.000,0.000,Add 0.70 efficiency Change units from MHr to MHr using factor of 1.43
DP,Reco-Sim,CPU kHS23-Yr,Total,kHS23-Yr,0.000,0.000,0.000,0.000,0.000,0.000,0.000,0.000,0.000,Add 0.70 efficiency Change units from MHr to kHS23-Yr using factor of 1.79
DP,Reco-Sim,CPU Cores,Total,Cores,0.000,0.000,0.000,0.000,0.000,0.000,0.000,0.000,0.000,Add 0.70 efficiency Change units from MHr to Cores using factor of 163.08
DP,Reco-Sim,GPU Wall,Total,MHr,0.000,0.000,0.000,0.000,0.000,0.000,0.000,0.000,0.000,Add 0.70 efficiency Change units from MHr to MHr using factor of 1.43
DP,Reco-Sim,GPU kHS23-Yr,Total,kHS23-Yr,0.000,0.000,0.000,0.000,0.000,0.000,0.000,0.000,0.000,Add 0.70 efficiency Change units from MHr to kHS23-Yr using factor of 1.79
DP,Reco-Sim,GPU Cores,Total,Cores,0.000,0.000,0.000,0.000,0.000,0.000,0.000,0.000,0.000,Add 0.70 efficiency Change units from MHr to Cores using factor of 163.08
DP,Reco-Data,CPU Wall,Total,MHr,0.282,0.000,0.000,0.000,0.000,0.000,0.000,0.000,0.000,Add 0.70 efficiency Change units from MHr to MHr using factor of 1.43
DP,Reco-Data,CPU kHS23-Yr,Total,kHS23-Yr,0.354,0.000,0.000,0.000,0.000,0.000,0.000,0.000,0.000,Add 0.70 efficiency Change units from MHr to kHS23-Yr using factor of 1.79
DP,Reco-Data,CPU Cores,Total,Cores,32.160,0.000,0.000,0.000,0.000,0.000,0.000,0.000,0.000,Add 0.70 efficiency Change units from MHr to Cores using factor of 163.08
DP,Reco-Data,GPU Wall,Total,MHr,0.000,0.000,0.000,0.000,0.000,0.000,0.000,0.000,0.000,Add 0.70 efficiency Change units from MHr to MHr using factor of 1.43
DP,Reco-Data,GPU kHS23-Yr,Total,kHS23-Yr,0.000,0.000,0.000,0.000,0.000,0.000,0.000,0.000,0.000,Add 0.70 efficiency Change units from MHr to kHS23-Yr using factor of 1.79
DP,Reco-Data,GPU Cores,Total,Cores,0.000,0.000,0.000,0.000,0.000,0.000,0.000,0.000,0.000,Add 0.70 efficiency Change units from MHr to Cores using factor of 163.08
DP,Analysis-Data,CPU Wall,Total,MHr,0.141,0.141,0.141,0.000,0.000,0.000,0.000,0.000,0.000,Add 0.70 efficiency Change units from MHr to MHr using factor of 1.43
DP,Analysis-Data,CPU kHS23-Yr,Total,kHS23-Yr,0.177,0.177,0.177,0.000,0.000,0.000,0.000,0.000,0.000,Add 0.70 efficiency Change units from MHr to kHS23-Yr using factor of 1.79
DP,Analysis-Data,CPU Cores,Total,Cores,16.080,16.080,16.080,0.000,0.000,0.000,0.000,0.000,0.000,Add 0.70 efficiency Change units from MHr to Cores using factor of 163.08
DP,Analysis-Sim,CPU Wall,Total,MHr,0.000,0.000,0.000,0.000,0.000,0.000,0.000,0.000,0.000,Add 0.70 efficiency Change units from MHr to MHr using factor of 1.43
DP,Analysis-Sim,CPU kHS23-Yr,Total,kHS23-Yr,0.000,0.000,0.000,0.000,0.000,0.000,0.000,0.000,0.000,Add 0.70 efficiency Change units from MHr to kHS23-Yr using factor of 1.79
DP,Analysis-Sim,CPU Cores,Total,Cores,0.000,0.000,0.000,0.000,0.000,0.000,0.000,0.000,0.000,Add 0.70 efficiency Change units from MHr to Cores using factor of 163.08
Coldbox,Reco-Sim,CPU Wall,Total,MHr,0.000,0.000,0.000,0.000,0.000,0.000,0.000,0.000,0.000,Add 0.70 efficiency Change units from MHr to MHr using factor of 1.43
Coldbox,Reco-Sim,CPU kHS23-Yr,Total,kHS23-Yr,0.000,0.000,0.000,0.000,0.000,0.000,0.000,0.000,0.000,Add 0.70 efficiency Change units from MHr to kHS23-Yr using factor of 1.79
Coldbox,Reco-Sim,CPU Cores,Total,Cores,0.000,0.000,0.000,0.000,0.000,0.000,0.000,0.000,0.000,Add 0.70 efficiency Change units from MHr to Cores using factor of 163.08
Coldbox,Reco-Sim,GPU Wall,Total,MHr,0.000,0.000,0.000,0.000,0.000,0.000,0.000,0.000,0.000,Add 0.70 efficiency Change units from MHr to MHr using factor of 1.43
Coldbox,Reco-Sim,GPU kHS23-Yr,Total,kHS23-Yr,0.000,0.000,0.000,0.000,0.000,0.000,0.000,0.000,0.000,Add 0.70 efficiency Change units from MHr to kHS23-Yr using factor of 1.79
Coldbox,Reco-Sim,GPU Cores,Total,Cores,0.000,0.000,0.000,0.000,0.000,0.000,0.000,0.000,0.000,Add 0.70 efficiency Change units from MHr to Cores using factor of 163.08
Coldbox,Reco-Data,CPU Wall,Total,MHr,0.000,0.000,0.000,0.000,0.000,0.000,0.000,0.000,0.000,Add 0.70 efficiency Change units from MHr to MHr using factor of 1.43
Coldbox,Reco-Data,CPU kHS23-Yr,Total,kHS23-Yr,0.000,0.000,0.000,0.000,0.000,0.000,0.000,0.000,0.000,Add 0.70 efficiency Change units from MHr to kHS23-Yr using factor of 1.79
Coldbox,Reco-Data,CPU Cores,Total,Cores,0.000,0.000,0.000,0.000,0.000,0.000,0.000,0.000,0.000,Add 0.70 efficiency Change units from MHr to Cores using factor of 163.08
Coldbox,Reco-Data,GPU Wall,Total,MHr,0.000,0.000,0.000,0.000,0.000,0.000,0.000,0.000,0.000,Add 0.70 efficiency Change units from MHr to MHr using factor of 1.43
Coldbox,Reco-Data,GPU kHS23-Yr,Total,kHS23-Yr,0.000,0.000,0.000,0.000,0.000,0.000,0.000,0.000,0.000,Add 0.70 efficiency Change units from MHr to kHS23-Yr using factor of 1.79
Coldbox,Reco-Data,GPU Cores,Total,Cores,0.000,0.000,0.000,0.000,0.000,0.000,0.000,0.000,0.000,Add 0.70 efficiency Change units from MHr to Cores using factor of 163.08
Coldbox,Analysis-Data,CPU Wall,Total,MHr,0.000,0.000,0.000,0.000,0.000,0.000,0.000,0.000,0.000,Add 0.70 efficiency Change units from MHr to MHr using factor of 1.43
Coldbox,Analysis-Data,CPU kHS23-Yr,Total,kHS23-Yr,0.000,0.000,0.000,0.000,0.000,0.000,0.000,0.000,0.000,Add 0.70 efficiency Change units from MHr to kHS23-Yr using factor of 1.79
Coldbox,Analysis-Data,CPU Cores,Total,Cores,0.000,0.000,0.000,0.000,0.000,0.000,0.000,0.000,0.000,Add 0.70 efficiency Change units from MHr to Cores using factor of 163.08
Coldbox,Analysis-Sim,CPU Wall,Total,MHr,0.000,0.000,0.000,0.000,0.000,0.000,0.000,0.000,0.000,Add 0.70 efficiency Change units from MHr to MHr using factor of 1.43
Coldbox,Analysis-Sim,CPU kHS23-Yr,Total,kHS23-Yr,0.000,0.000,0.000,0.000,0.000,0.000,0.000,0.000,0.000,Add 0.70 efficiency Change units from MHr to kHS23-Yr using factor of 1.79
Coldbox,Analysis-Sim,CPU Cores,Total,Cores,0.000,0.000,0.000,0.000,0.000,0.000,0.000,0.000,0.000,Add 0.70 efficiency Change units from MHr to Cores using factor of 163.08
PDHD,Reco-Sim,CPU Wall,Total,MHr,2.786,5.357,5.357,5.357,0.000,0.000,0.000,0.000,0.000,Add 0.70 efficiency Change units from MHr to MHr using factor of 1.43
PDHD,Reco-Sim,CPU kHS23-Yr,Total,kHS23-Yr,3.498,6.727,6.727,6.727,0.000,0.000,0.000,0.000,0.000,Add 0.70 efficiency Change units from MHr to kHS23-Yr using factor of 1.79
PDHD,Reco-Sim,CPU Cores,Total,Cores,318.004,611.546,611.546,611.546,0.000,0.000,0.000,0.000,0.000,Add 0.70 efficiency Change units from MHr to Cores using factor of 163.08
PDHD,Reco-Sim,GPU Wall,Total,MHr,0.000,0.000,0.000,0.000,0.000,0.000,0.000,0.000,0.000,Add 0.70 efficiency Change units from MHr to MHr using factor of 1.43
PDHD,Reco-Sim,GPU kHS23-Yr,Total,kHS23-Yr,0.000,0.000,0.000,0.000,0.000,0.000,0.000,0.000,0.000,Add 0.70 efficiency Change units from MHr to kHS23-Yr using factor of 1.79
PDHD,Reco-Sim,GPU Cores,Total,Cores,0.000,0.000,0.000,0.000,0.000,0.000,0.000,0.000,0.000,Add 0.70 efficiency Change units from MHr to Cores using factor of 163.08
PDHD,Reco-Data,CPU Wall,Total,MHr,8.097,8.097,8.097,0.000,0.000,0.000,0.000,0.000,0.000,Add 0.70 efficiency Change units from MHr to MHr using factor of 1.43
PDHD,Reco-Data,CPU kHS23-Yr,Total,kHS23-Yr,10.167,10.167,10.167,0.000,0.000,0.000,0.000,0.000,0.000,Add 0.70 efficiency Change units from MHr to kHS23-Yr using factor of 1.79
PDHD,Reco-Data,CPU Cores,Total,Cores,924.299,924.299,924.299,0.000,0.000,0.000,0.000,0.000,0.000,Add 0.70 efficiency Change units from MHr to Cores using factor of 163.08
PDHD,Reco-Data,GPU Wall,Total,MHr,0.000,0.000,0.000,0.000,0.000,0.000,0.000,0.000,0.000,Add 0.70 efficiency Change units from MHr to MHr using factor of 1.43
PDHD,Reco-Data,GPU kHS23-Yr,Total,kHS23-Yr,0.000,0.000,0.000,0.000,0.000,0.000,0.000,0.000,0.000,Add 0.70 efficiency Change units from MHr to kHS23-Yr using factor of 1.79
PDHD,Reco-Data,GPU Cores,Total,Cores,0.000,0.000,0.000,0.000,0.000,0.000,0.000,0.000,0.000,Add 0.70 efficiency Change units from MHr to Cores using factor of 163.08
PDHD,Analysis-Data,CPU Wall,Total,MHr,4.048,4.048,4.048,4.048,4.048,0.000,0.000,0.000,0.000,Add 0.70 efficiency Change units from MHr to MHr using factor of 1.43
PDHD,Analysis-Data,CPU kHS23-Yr,Total,kHS23-Yr,5.084,5.084,5.084,5.084,5.084,0.000,0.000,0.000,0.000,Add 0.70 efficiency Change units from MHr to kHS23-Yr using factor of 1.79
PDHD,Analysis-Data,CPU Cores,Total,Cores,462.149,462.149,462.149,462.149,462.149,0.000,0.000,0.000,0.000,Add 0.70 efficiency Change units from MHr to Cores using factor of 163.08
PDHD,Analysis-Sim,CPU Wall,Total,MHr,1.393,2.679,2.679,2.679,2.679,2.679,0.000,0.000,0.000,Add 0.70 efficiency Change units from MHr to MHr using factor of 1.43
PDHD,Analysis-Sim,CPU kHS23-Yr,Total,kHS23-Yr,1.749,3.364,3.364,3.364,3.364,3.364,0.000,0.000,0.000,Add 0.70 efficiency Change units from MHr to kHS23-Yr using factor of 1.79
PDHD,Analysis-Sim,CPU Cores,Total,Cores,159.002,305.773,305.773,305.773,305.773,305.773,0.000,0.000,0.000,Add 0.70 efficiency Change units from MHr to Cores using factor of 163.08
PDVD,Reco-Sim,CPU Wall,Total,MHr,0.199,5.464,5.464,5.464,0.000,0.000,0.000,0.000,0.000,Add 0.70 efficiency Change units from MHr to MHr using factor of 1.43
PDVD,Reco-Sim,CPU kHS23-Yr,Total,kHS23-Yr,0.250,6.862,6.862,6.862,0.000,0.000,0.000,0.000,0.000,Add 0.70 efficiency Change units from MHr to kHS23-Yr using factor of 1.79
PDVD,Reco-Sim,CPU Cores,Total,Cores,22.750,623.777,623.777,623.777,0.000,0.000,0.000,0.000,0.000,Add 0.70 efficiency Change units from MHr to Cores using factor of 163.08
PDVD,Reco-Sim,GPU Wall,Total,MHr,0.000,0.000,0.000,0.000,0.000,0.000,0.000,0.000,0.000,Add 0.70 efficiency Change units from MHr to MHr using factor of 1.43
PDVD,Reco-Sim,GPU kHS23-Yr,Total,kHS23-Yr,0.000,0.000,0.000,0.000,0.000,0.000,0.000,0.000,0.000,Add 0.70 efficiency Change units from MHr to kHS23-Yr using factor of 1.79
PDVD,Reco-Sim,GPU Cores,Total,Cores,0.000,0.000,0.000,0.000,0.000,0.000,0.000,0.000,0.000,Add 0.70 efficiency Change units from MHr to Cores using factor of 163.08
PDVD,Reco-Data,CPU Wall,Total,MHr,1.215,8.359,9.573,8.359,1.215,0.000,0.000,0.000,0.000,Add 0.70 efficiency Change units from MHr to MHr using factor of 1.43
PDVD,Reco-Data,CPU kHS23-Yr,Total,kHS23-Yr,1.525,10.496,12.021,10.496,1.525,0.000,0.000,0.000,0.000,Add 0.70 efficiency Change units from MHr to kHS23-Yr using factor of 1.79
PDVD,Reco-Data,CPU Cores,Total,Cores,138.645,954.203,1092.847,954.203,138.645,0.000,0.000,0.000,0.000,Add 0.70 efficiency Change units from MHr to Cores using factor of 163.08
PDVD,Reco-Data,GPU Wall,Total,MHr,0.000,0.000,0.000,0.000,0.000,0.000,0.000,0.000,0.000,Add 0.70 efficiency Change units from MHr to MHr using factor of 1.43
PDVD,Reco-Data,GPU kHS23-Yr,Total,kHS23-Yr,0.000,0.000,0.000,0.000,0.000,0.000,0.000,0.000,0.000,Add 0.70 efficiency Change units from MHr to kHS23-Yr using factor of 1.79
PDVD,Reco-Data,GPU Cores,Total,Cores,0.000,0.000,0.000,0.000,0.000,0.000,0.000,0.000,0.000,Add 0.70 efficiency Change units from MHr to Cores using factor of 163.08
PDVD,Analysis-Data,CPU Wall,Total,MHr,0.607,4.179,4.787,4.787,4.787,4.787,4.787,0.000,0.000,Add 0.70 efficiency Change units from MHr to MHr using factor of 1.43
PDVD,Analysis-Data,CPU kHS23-Yr,Total,kHS23-Yr,0.763,5.248,6.011,6.011,6.011,6.011,6.011,0.000,0.000,Add 0.70 efficiency Change units from MHr to kHS23-Yr using factor of 1.79
PDVD,Analysis-Data,CPU Cores,Total,Cores,69.322,477.101,546.424,546.424,546.424,546.424,546.424,0.000,0.000,Add 0.70 efficiency Change units from MHr to Cores using factor of 163.08
PDVD,Analysis-Sim,CPU Wall,Total,MHr,0.100,2.732,2.732,2.732,2.732,2.732,0.000,0.000,0.000,Add 0.70 efficiency Change units from MHr to MHr using factor of 1.43
PDVD,Analysis-Sim,CPU kHS23-Yr,Total,kHS23-Yr,0.125,3.431,3.431,3.431,3.431,3.431,0.000,0.000,0.000,Add 0.70 efficiency Change units from MHr to kHS23-Yr using factor of 1.79
PDVD,Analysis-Sim,CPU Cores,Total,Cores,11.375,311.888,311.888,311.888,311.888,311.888,0.000,0.000,0.000,Add 0.70 efficiency Change units from MHr to Cores using factor of 163.08
FDVD,Reco-Sim,CPU Wall,Total,MHr,1.935,2.679,2.679,2.679,18.750,7.500,7.500,7.500,7.500,Add 0.70 efficiency Change units from MHr to MHr using factor of 1.43
FDVD,Reco-Sim,CPU kHS23-Yr,Total,kHS23-Yr,2.430,3.364,3.364,3.364,23.545,9.418,9.418,9.418,9.418,Add 0.70 efficiency Change units from MHr to kHS23-Yr using factor of 1.79
FDVD,Reco-Sim,CPU Cores,Total,Cores,220.890,305.773,305.773,305.773,2140.411,856.164,856.164,856.164,856.164,Add 0.70 efficiency Change units from MHr to Cores using factor of 163.08
FDVD,Reco-Sim,GPU Wall,Total,MHr,1.548,2.143,2.143,2.143,15.000,6.000,6.000,6.000,6.000,Add 0.70 efficiency Change units from MHr to MHr using factor of 1.43
FDVD,Reco-Sim,GPU kHS23-Yr,Total,kHS23-Yr,1.944,2.691,2.691,2.691,18.836,7.534,7.534,7.534,7.534,Add 0.70 efficiency Change units from MHr to kHS23-Yr using factor of 1.79
FDVD,Reco-Sim,GPU Cores,Total,Cores,176.712,244.618,244.618,244.618,1712.329,684.932,684.932,684.932,684.932,Add 0.70 efficiency Change units from MHr to Cores using factor of 163.08
FDVD,Reco-Data,CPU Wall,Total,MHr,0.000,0.000,0.000,0.000,0.000,0.000,4.180,8.360,12.540,Add 0.70 efficiency Change units from MHr to MHr using factor of 1.43
FDVD,Reco-Data,CPU kHS23-Yr,Total,kHS23-Yr,0.000,0.000,0.000,0.000,0.000,0.000,5.249,10.498,15.747,Add 0.70 efficiency Change units from MHr to kHS23-Yr using factor of 1.79
FDVD,Reco-Data,CPU Cores,Total,Cores,0.000,0.000,0.000,0.000,0.000,0.000,477.169,954.338,1431.507,Add 0.70 efficiency Change units from MHr to Cores using factor of 163.08
FDVD,Reco-Data,GPU Wall,Total,MHr,0.000,0.000,0.000,0.000,0.000,0.000,0.314,0.629,0.943,Add 0.70 efficiency Change units from MHr to MHr using factor of 1.43
FDVD,Reco-Data,GPU kHS23-Yr,Total,kHS23-Yr,0.000,0.000,0.000,0.000,0.000,0.000,0.395,0.789,1.184,Add 0.70 efficiency Change units from MHr to kHS23-Yr using factor of 1.79
FDVD,Reco-Data,GPU Cores,Total,Cores,0.000,0.000,0.000,0.000,0.000,0.000,35.877,71.755,107.632,Add 0.70 efficiency Change units from MHr to Cores using factor of 163.08
FDVD,Analysis-Data,CPU Wall,Total,MHr,0.000,0.000,0.000,0.000,0.000,0.000,2.090,4.180,6.270,Add 0.70 efficiency Change units from MHr to MHr using factor of 1.43
FDVD,Analysis-Data,CPU kHS23-Yr,Total,kHS23-Yr,0.000,0.000,0.000,0.000,0.000,0.000,2.624,5.249,7.873,Add 0.70 efficiency Change units from MHr to kHS23-Yr using factor of 1.79
FDVD,Analysis-Data,CPU Cores,Total,Cores,0.000,0.000,0.000,0.000,0.000,0.000,238.584,477.169,715.753,Add 0.70 efficiency Change units from MHr to Cores using factor of 163.08
FDVD,Analysis-Sim,CPU Wall,Total,MHr,0.968,1.339,1.339,1.339,9.375,9.375,9.375,9.375,9.375,Add 0.70 efficiency Change units from MHr to MHr using factor of 1.43
FDVD,Analysis-Sim,CPU kHS23-Yr,Total,kHS23-Yr,1.215,1.682,1.682,1.682,11.772,11.772,11.772,11.772,11.772,Add 0.70 efficiency Change units from MHr to kHS23-Yr using factor of 1.79
FDVD,Analysis-Sim,CPU Cores,Total,Cores,110.445,152.886,152.886,152.886,1070.205,1070.205,1070.205,1070.205,1070.205,Add 0.70 efficiency Change units from MHr to Cores using factor of 163.08
FDHD,Reco-Sim,CPU Wall,Total,MHr,4.041,2.679,2.679,2.679,17.857,7.143,7.143,7.143,7.143,Add 0.70 efficiency Change units from MHr to MHr using factor of 1.43
FDHD,Reco-Sim,CPU kHS23-Yr,Total,kHS23-Yr,5.074,3.364,3.364,3.364,22.423,8.969,8.969,8.969,8.969,Add 0.70 efficiency Change units from MHr to kHS23-Yr using factor of 1.79
FDHD,Reco-Sim,CPU Cores,Total,Cores,461.289,305.773,305.773,305.773,2038.487,815.395,815.395,815.395,815.395,Add 0.70 efficiency Change units from MHr to Cores using factor of 163.08
FDHD,Reco-Sim,GPU Wall,Total,MHr,0.000,0.000,0.000,0.000,0.000,0.000,0.000,0.000,0.000,Add 0.70 efficiency Change units from MHr to MHr using factor of 1.43
FDHD,Reco-Sim,GPU kHS23-Yr,Total,kHS23-Yr,0.000,0.000,0.000,0.000,0.000,0.000,0.000,0.000,0.000,Add 0.70 efficiency Change units from MHr to kHS23-Yr using factor of 1.79
FDHD,Reco-Sim,GPU Cores,Total,Cores,0.000,0.000,0.000,0.000,0.000,0.000,0.000,0.000,0.000,Add 0.70 efficiency Change units from MHr to Cores using factor of 163.08
FDHD,Reco-Data,CPU Wall,Total,MHr,0.000,0.000,0.000,0.000,0.000,0.000,1.964,5.893,9.821,Add 0.70 efficiency Change units from MHr to MHr using factor of 1.43
FDHD,Reco-Data,CPU kHS23-Yr,Total,kHS23-Yr,0.000,0.000,0.000,0.000,0.000,0.000,2.467,7.400,12.333,Add 0.70 efficiency Change units from MHr to kHS23-Yr using factor of 1.79
FDHD,Reco-Data,CPU Cores,Total,Cores,0.000,0.000,0.000,0.000,0.000,0.000,224.234,672.701,1121.168,Add 0.70 efficiency Change units from MHr to Cores using factor of 163.08
FDHD,Reco-Data,GPU Wall,Total,MHr,0.000,0.000,0.000,0.000,0.000,0.000,0.000,0.000,0.000,Add 0.70 efficiency Change units from MHr to MHr using factor of 1.43
FDHD,Reco-Data,GPU kHS23-Yr,Total,kHS23-Yr,0.000,0.000,0.000,0.000,0.000,0.000,0.000,0.000,0.000,Add 0.70 efficiency Change units from MHr to kHS23-Yr using factor of 1.79
FDHD,Reco-Data,GPU Cores,Total,Cores,0.000,0.000,0.000,0.000,0.000,0.000,0.000,0.000,0.000,Add 0.70 efficiency Change units from MHr to Cores using factor of 163.08
FDHD,Analysis-Data,CPU Wall,Total,MHr,0.000,0.000,0.000,0.000,0.000,0.000,0.982,2.946,4.911,Add 0.70 efficiency Change units from MHr to MHr using factor of 1.43
FDHD,Analysis-Data,CPU kHS23-Yr,Total,kHS23-Yr,0.000,0.000,0.000,0.000,0.000,0.000,1.233,3.700,6.166,Add 0.70 efficiency Change units from MHr to kHS23-Yr using factor of 1.79
FDHD,Analysis-Data,CPU Cores,Total,Cores,0.000,0.000,0.000,0.000,0.000,0.000,112.117,336.350,560.584,Add 0.70 efficiency Change units from MHr to Cores using factor of 163.08
FDHD,Analysis-Sim,CPU Wall,Total,MHr,2.020,1.339,1.339,1.339,8.929,8.929,8.929,8.929,8.929,Add 0.70 efficiency Change units from MHr to MHr using factor of 1.43
FDHD,Analysis-Sim,CPU kHS23-Yr,Total,kHS23-Yr,2.537,1.682,1.682,1.682,11.212,11.212,11.212,11.212,11.212,Add 0.70 efficiency Change units from MHr to kHS23-Yr using factor of 1.79
FDHD,Analysis-Sim,CPU Cores,Total,Cores,230.645,152.886,152.886,152.886,1019.243,1019.243,1019.243,1019.243,1019.243,Add 0.70 efficiency Change units from MHr to Cores using factor of 163.08
ND-SAND,Reco-Sim,CPU Wall,Total,MHr,0.000,0.343,1.714,1.714,1.714,6.857,10.286,20.571,20.571,Add 0.70 efficiency Change units from MHr to MHr using factor of 1.43
ND-SAND,Reco-Sim,CPU kHS23-Yr,Total,kHS23-Yr,0.000,0.431,2.153,2.153,2.153,8.611,12.916,25.832,25.832,Add 0.70 efficiency Change units from MHr to kHS23-Yr using factor of 1.79
ND-SAND,Reco-Sim,CPU Cores,Total,Cores,0.000,39.139,195.695,195.695,195.695,782.779,1174.168,2348.337,2348.337,Add 0.70 efficiency Change units from MHr to Cores using factor of 163.08
ND-SAND,Reco-Sim,GPU Wall,Total,MHr,0.000,0.000,0.000,0.000,0.000,0.000,0.000,0.000,0.000,Add 0.70 efficiency Change units from MHr to MHr using factor of 1.43
ND-SAND,Reco-Sim,GPU kHS23-Yr,Total,kHS23-Yr,0.000,0.000,0.000,0.000,0.000,0.000,0.000,0.000,0.000,Add 0.70 efficiency Change units from MHr to kHS23-Yr using factor of 1.79
ND-SAND,Reco-Sim,GPU Cores,Total,Cores,0.000,0.000,0.000,0.000,0.000,0.000,0.000,0.000,0.000,Add 0.70 efficiency Change units from MHr to Cores using factor of 163.08
ND-SAND,Reco-Data,CPU Wall,Total,MHr,0.000,0.000,0.000,0.000,0.000,0.000,0.000,0.000,0.047,Add 0.70 efficiency Change units from MHr to MHr using factor of 1.43
ND-SAND,Reco-Data,CPU kHS23-Yr,Total,kHS23-Yr,0.000,0.000,0.000,0.000,0.000,0.000,0.000,0.000,0.059,Add 0.70 efficiency Change units from MHr to kHS23-Yr using factor of 1.79
ND-SAND,Reco-Data,CPU Cores,Total,Cores,0.000,0.000,0.000,0.000,0.000,0.000,0.000,0.000,5.382,Add 0.70 efficiency Change units from MHr to Cores using factor of 163.08
ND-SAND,Reco-Data,GPU Wall,Total,MHr,0.000,0.000,0.000,0.000,0.000,0.000,0.000,0.000,0.000,Add 0.70 efficiency Change units from MHr to MHr using factor of 1.43
ND-SAND,Reco-Data,GPU kHS23-Yr,Total,kHS23-Yr,0.000,0.000,0.000,0.000,0.000,0.000,0.000,0.000,0.000,Add 0.70 efficiency Change units from MHr to kHS23-Yr using factor of 1.79
ND-SAND,Reco-Data,GPU Cores,Total,Cores,0.000,0.000,0.000,0.000,0.000,0.000,0.000,0.000,0.000,Add 0.70 efficiency Change units from MHr to Cores using factor of 163.08
ND-SAND,Analysis-Data,CPU Wall,Total,MHr,0.000,0.000,0.000,0.000,0.000,0.000,0.000,0.000,0.012,Add 0.70 efficiency Change units from MHr to MHr using factor of 1.43
ND-SAND,Analysis-Data,CPU kHS23-Yr,Total,kHS23-Yr,0.000,0.000,0.000,0.000,0.000,0.000,0.000,0.000,0.015,Add 0.70 efficiency Change units from MHr to kHS23-Yr using factor of 1.79
ND-SAND,Analysis-Data,CPU Cores,Total,Cores,0.000,0.000,0.000,0.000,0.000,0.000,0.000,0.000,1.345,Add 0.70 efficiency Change units from MHr to Cores using factor of 163.08
ND-SAND,Analysis-Sim,CPU Wall,Total,MHr,0.000,0.086,0.429,0.429,0.429,1.714,2.571,5.143,5.143,Add 0.70 efficiency Change units from MHr to MHr using factor of 1.43
ND-SAND,Analysis-Sim,CPU kHS23-Yr,Total,kHS23-Yr,0.000,0.108,0.538,0.538,0.538,2.153,3.229,6.458,6.458,Add 0.70 efficiency Change units from MHr to kHS23-Yr using factor of 1.79
ND-SAND,Analysis-Sim,CPU Cores,Total,Cores,0.000,9.785,48.924,48.924,48.924,195.695,293.542,587.084,587.084,Add 0.70 efficiency Change units from MHr to Cores using factor of 163.08
ND-LAr+TMS,Reco-Sim,CPU Wall,Total,MHr,0.000,6.571,32.857,32.857,32.857,32.857,32.857,394.286,394.286,Add 0.70 efficiency Change units from MHr to MHr using factor of 1.43
ND-LAr+TMS,Reco-Sim,CPU kHS23-Yr,Total,kHS23-Yr,0.000,8.252,41.259,41.259,41.259,41.259,41.259,495.108,495.108,Add 0.70 efficiency Change units from MHr to kHS23-Yr using factor of 1.79
ND-LAr+TMS,Reco-Sim,CPU Cores,Total,Cores,0.000,750.163,3750.815,3750.815,3750.815,3750.815,3750.815,45009.785,45009.785,Add 0.70 efficiency Change units from MHr to Cores using factor of 163.08
ND-LAr+TMS,Reco-Sim,GPU Wall,Total,MHr,0.000,6.571,32.857,32.857,32.857,32.857,32.857,394.286,394.286,Add 0.70 efficiency Change units from MHr to MHr using factor of 1.43
ND-LAr+TMS,Reco-Sim,GPU kHS23-Yr,Total,kHS23-Yr,0.000,8.252,41.259,41.259,41.259,41.259,41.259,495.108,495.108,Add 0.70 efficiency Change units from MHr to kHS23-Yr using factor of 1.79
ND-LAr+TMS,Reco-Sim,GPU Cores,Total,Cores,0.000,750.163,3750.815,3750.815,3750.815,3750.815,3750.815,45009.785,45009.785,Add 0.70 efficiency Change units from MHr to Cores using factor of 163.08
ND-LAr+TMS,Reco-Data,CPU Wall,Total,MHr,0.000,0.000,0.000,0.000,0.000,0.000,0.000,0.000,16.286,Add 0.70 efficiency Change units from MHr to MHr using factor of 1.43
ND-LAr+TMS,Reco-Data,CPU kHS23-Yr,Total,kHS23-Yr,0.000,0.000,0.000,0.000,0.000,0.000,0.000,0.000,20.450,Add 0.70 efficiency Change units from MHr to kHS23-Yr using factor of 1.79
ND-LAr+TMS,Reco-Data,CPU Cores,Total,Cores,0.000,0.000,0.000,0.000,0.000,0.000,0.000,0.000,1859.100,Add 0.70 efficiency Change units from MHr to Cores using factor of 163.08
ND-LAr+TMS,Reco-Data,GPU Wall,Total,MHr,0.000,0.000,0.000,0.000,0.000,0.000,0.000,0.000,16.286,Add 0.70 efficiency Change units from MHr to MHr using factor of 1.43
ND-LAr+TMS,Reco-Data,GPU kHS23-Yr,Total,kHS23-Yr,0.000,0.000,0.000,0.000,0.000,0.000,0.000,0.000,20.450,Add 0.70 efficiency Change units from MHr to kHS23-Yr using factor of 1.79
ND-LAr+TMS,Reco-Data,GPU Cores,Total,Cores,0.000,0.000,0.000,0.000,0.000,0.000,0.000,0.000,1859.100,Add 0.70 efficiency Change units from MHr to Cores using factor of 163.08
ND-LAr+TMS,Analysis-Data,CPU Wall,Total,MHr,0.000,0.000,0.000,0.000,0.000,0.000,0.000,0.000,4.071,Add 0.70 efficiency Change units from MHr to MHr using factor of 1.43
ND-LAr+TMS,Analysis-Data,CPU kHS23-Yr,Total,kHS23-Yr,0.000,0.000,0.000,0.000,0.000,0.000,0.000,0.000,5.113,Add 0.70 efficiency Change units from MHr to kHS23-Yr using factor of 1.79
ND-LAr+TMS,Analysis-Data,CPU Cores,Total,Cores,0.000,0.000,0.000,0.000,0.000,0.000,0.000,0.000,464.775,Add 0.70 efficiency Change units from MHr to Cores using factor of 163.08
ND-LAr+TMS,Analysis-Sim,CPU Wall,Total,MHr,0.000,1.643,8.214,8.214,8.214,8.214,8.214,98.571,98.571,Add 0.70 efficiency Change units from MHr to MHr using factor of 1.43
ND-LAr+TMS,Analysis-Sim,CPU kHS23-Yr,Total,kHS23-Yr,0.000,2.063,10.315,10.315,10.315,10.315,10.315,123.777,123.777,Add 0.70 efficiency Change units from MHr to kHS23-Yr using factor of 1.79
ND-LAr+TMS,Analysis-Sim,CPU Cores,Total,Cores,0.000,187.541,937.704,937.704,937.704,937.704,937.704,11252.446,11252.446,Add 0.70 efficiency Change units from MHr to Cores using factor of 163.08
SP,Total,GPU,Total,MHr,0.000,0.000,0.000,0.000,0.000,0.000,0.000,0.000,0.000,Sum processing across DataTypes
SP,Total,CPU,Total,MHr,4.530,3.863,3.863,0.000,0.000,0.000,0.000,0.000,0.000,Sum processing across DataTypes
SP,Total,CPU Wall,Total,MHr,6.471,5.518,5.518,0.000,0.000,0.000,0.000,0.000,0.000,Sum processing across DataTypes
SP,Total,CPU kHS23-Yr,Total,kHS23-Yr,8.126,6.929,6.929,0.000,0.000,0.000,0.000,0.000,0.000,Resum across sites
SP,Total,CPU Cores,Total,Cores,738.748,629.892,629.892,0.000,0.000,0.000,0.000,0.000,0.000,Sum processing across DataTypes
DP,Total,GPU,Total,MHr,0.000,0.000,0.000,0.000,0.000,0.000,0.000,0.000,0.000,Sum processing across DataTypes
DP,Total,CPU,Total,MHr,0.296,0.099,0.099,0.000,0.000,0.000,0.000,0.000,0.000,Sum processing across DataTypes
DP,Total,CPU Wall,Total,MHr,0.423,0.141,0.141,0.000,0.000,0.000,0.000,0.000,0.000,Sum processing across DataTypes
DP,Total,CPU kHS23-Yr,Total,kHS23-Yr,0.531,0.177,0.177,0.000,0.000,0.000,0.000,0.000,0.000,Resum across sites
DP,Total,CPU Cores,Total,Cores,48.240,16.080,16.080,0.000,0.000,0.000,0.000,0.000,0.000,Sum processing across DataTypes
Coldbox,Total,GPU,Total,MHr,0.000,0.000,0.000,0.000,0.000,0.000,0.000,0.000,0.000,Sum processing across DataTypes
Coldbox,Total,CPU,Total,MHr,0.000,0.000,0.000,0.000,0.000,0.000,0.000,0.000,0.000,Sum processing across DataTypes
Coldbox,Total,CPU Wall,Total,MHr,0.000,0.000,0.000,0.000,0.000,0.000,0.000,0.000,0.000,Sum processing across DataTypes
Coldbox,Total,CPU kHS23-Yr,Total,kHS23-Yr,0.000,0.000,0.000,0.000,0.000,0.000,0.000,0.000,0.000,Resum across sites
Coldbox,Total,CPU Cores,Total,Cores,0.000,0.000,0.000,0.000,0.000,0.000,0.000,0.000,0.000,Sum processing across DataTypes
PDHD,Total,GPU,Total,MHr,0.000,0.000,0.000,0.000,0.000,0.000,0.000,0.000,0.000,Sum processing across DataTypes
PDHD,Total,CPU,Total,MHr,11.427,14.127,14.127,8.459,4.709,1.875,0.000,0.000,0.000,Sum processing across DataTypes
PDHD,Total,CPU Wall,Total,MHr,16.324,20.181,20.181,12.084,6.727,2.679,0.000,0.000,0.000,Sum processing across DataTypes
PDHD,Total,CPU kHS23-Yr,Total,kHS23-Yr,20.498,25.341,25.341,15.174,8.447,3.364,0.000,0.000,0.000,Resum across sites
PDHD,Total,CPU Cores,Total,Cores,1863.454,2303.767,2303.767,1379.468,767.922,305.773,0.000,0.000,0.000,Sum processing across DataTypes
PDVD,Total,GPU,Total,MHr,0.000,0.000,0.000,0.000,0.000,0.000,0.000,0.000,0.000,Sum processing across DataTypes
PDVD,Total,CPU,Total,MHr,1.485,14.514,15.790,14.939,6.113,5.263,3.351,0.000,0.000,Sum processing across DataTypes
PDVD,Total,CPU Wall,Total,MHr,2.121,20.735,22.556,21.342,8.733,7.519,4.787,0.000,0.000,Sum processing across DataTypes
PDVD,Total,CPU kHS23-Yr,Total,kHS23-Yr,2.663,26.037,28.324,26.799,10.967,9.441,6.011,0.000,0.000,Resum across sites
PDVD,Total,CPU Cores,Total,Cores,242.091,2366.969,2574.936,2436.292,996.957,858.312,546.424,0.000,0.000,Sum processing across DataTypes
FDVD,Total,GPU,Total,MHr,1.084,1.500,1.500,1.500,10.500,4.200,4.420,4.640,4.860,Sum processing across DataTypes
FDVD,Total,CPU,Total,MHr,2.032,2.812,2.812,2.812,19.688,11.812,16.202,20.590,24.980,Sum processing across DataTypes
FDVD,Total,CPU Wall,Total,MHr,2.902,4.018,4.018,4.018,28.125,16.875,23.145,29.415,35.685,Sum processing across DataTypes
FDVD,Total,CPU kHS23-Yr,Total,kHS23-Yr,3.645,5.045,5.045,5.045,35.317,21.190,29.063,36.937,44.810,Resum across sites
FDVD,Total,CPU Cores,Total,Cores,331.336,458.659,458.659,458.659,3210.616,1926.370,2642.123,3357.877,4073.630,Sum processing across DataTypes
FDHD,Total,GPU,Total,MHr,0.000,0.000,0.000,0.000,0.000,0.000,0.000,0.000,0.000,Sum processing across DataTypes
FDHD,Total,CPU,Total,MHr,4.243,2.812,2.812,2.812,18.750,11.250,13.312,17.438,21.562,Sum processing across DataTypes
FDHD,Total,CPU Wall,Total,MHr,6.061,4.018,4.018,4.018,26.786,16.071,19.018,24.911,30.804,Sum processing across DataTypes
FDHD,Total,CPU kHS23-Yr,Total,kHS23-Yr,7.611,5.045,5.045,5.045,33.635,20.181,23.881,31.281,38.680,Resum across sites
FDHD,Total,CPU Cores,Total,Cores,691.934,458.659,458.659,458.659,3057.730,1834.638,2170.988,2843.689,3516.389,Sum processing across DataTypes
ND-SAND,Total,GPU,Total,MHr,0.000,0.000,0.000,0.000,0.000,0.000,0.000,0.000,0.000,Sum processing across DataTypes
ND-SAND,Total,CPU,Total,MHr,0.000,0.300,1.500,1.500,1.500,6.000,9.000,18.000,18.041,Sum processing across DataTypes
ND-SAND,Total,CPU Wall,Total,MHr,0.000,0.429,2.143,2.143,2.143,8.571,12.857,25.714,25.773,Sum processing across DataTypes
ND-SAND,Total,CPU kHS23-Yr,Total,kHS23-Yr,0.000,0.538,2.691,2.691,2.691,10.763,16.145,32.290,32.364,Resum across sites
ND-SAND,Total,CPU Cores,Total,Cores,0.000,48.924,244.618,244.618,244.618,978.474,1467.710,2935.421,2942.148,Sum processing across DataTypes
ND-LAr+TMS,Total,GPU,Total,MHr,0.000,4.600,23.000,23.000,23.000,23.000,23.000,276.000,287.400,Sum processing across DataTypes
ND-LAr+TMS,Total,CPU,Total,MHr,0.000,5.750,28.750,28.750,28.750,28.750,28.750,345.000,359.250,Sum processing across DataTypes
ND-LAr+TMS,Total,CPU Wall,Total,MHr,0.000,8.214,41.071,41.071,41.071,41.071,41.071,492.857,513.214,Sum processing across DataTypes
ND-LAr+TMS,Total,CPU kHS23-Yr,Total,kHS23-Yr,0.000,10.315,51.574,51.574,51.574,51.574,51.574,618.885,644.447,Resum across sites
ND-LAr+TMS,Total,CPU Cores,Total,Cores,0.000,937.704,4688.519,4688.519,4688.519,4688.519,4688.519,56262.231,58586.106,Sum processing across DataTypes
Total,Reco-Sim,GPU,Total,MHr,1.084,6.100,24.500,24.500,33.500,27.200,27.200,280.200,280.200,Sum processing across Detectors
Total,Reco-Sim,CPU,Total,MHr,6.940,16.165,35.525,35.525,49.825,38.050,40.450,300.650,300.650,Sum processing across Detectors
Total,Reco-Sim,CPU Wall,Total,MHr,9.914,23.093,50.750,50.750,71.179,54.357,57.786,429.500,429.500,Sum processing across Detectors
Total,Reco-Sim,CPU kHS23-Yr,Total,kHS23-Yr,12.450,28.998,63.727,63.727,89.379,68.257,72.562,539.326,539.326,Resum across sites
Total,Reco-Sim,CPU Cores,Total,Cores,1131.788,2636.171,5793.379,5793.379,8125.408,6205.153,6596.543,49029.680,49029.680,Sum processing across Detectors
Total,Reco-Data,GPU,Total,MHr,0.000,0.000,0.000,0.000,0.000,0.000,0.220,0.440,12.060,Sum processing across Detectors
Total,Reco-Data,CPU,Total,MHr,6.715,11.519,12.369,5.851,0.850,0.000,4.301,9.977,27.086,Sum processing across Detectors
Total,Reco-Data,CPU Wall,Total,MHr,9.593,16.456,17.670,8.359,1.215,0.000,6.144,14.253,38.694,Sum processing across Detectors
Total,Reco-Data,CPU kHS23-Yr,Total,kHS23-Yr,12.046,20.664,22.189,10.496,1.525,0.000,7.715,17.897,48.589,Resum across sites
Total,Reco-Data,CPU Cores,Total,Cores,1095.104,1878.501,2017.146,954.203,138.645,0.000,701.402,1627.038,4417.156,Sum processing across Detectors
Total,Analysis-Data,CPU,Total,MHr,3.358,5.858,6.283,6.185,6.185,3.351,5.501,4.989,10.685,Sum processing across Detectors
Total,Analysis-Data,CPU Wall,Total,MHr,4.797,8.369,8.976,8.835,8.835,4.787,7.859,7.126,15.264,Sum processing across Detectors
Total,Analysis-Data,CPU kHS23-Yr,Total,kHS23-Yr,6.023,10.509,11.271,11.094,11.094,6.011,9.868,8.949,19.167,Resum across sites
Total,Analysis-Data,CPU Cores,Total,Cores,547.552,955.331,1024.653,1008.573,1008.573,546.424,897.125,813.519,1742.458,Sum processing across Detectors
Total,Analysis-Sim,CPU,Total,MHr,6.999,10.735,15.575,11.712,22.650,23.550,20.363,85.412,85.412,Sum processing across Detectors
Total,Analysis-Sim,CPU Wall,Total,MHr,9.998,15.336,22.250,16.732,32.357,33.643,29.089,122.018,122.018,Sum processing across Detectors
Total,Analysis-Sim,CPU kHS23-Yr,Total,kHS23-Yr,12.555,19.257,27.939,21.011,40.631,42.246,36.528,153.219,153.219,Resum across sites
Total,Analysis-Sim,CPU Cores,Total,Cores,1141.359,1750.652,2539.954,1910.062,3693.738,3840.509,3320.695,13928.979,13928.979,Sum processing across Detectors
Total,Total,GPU,Total,MHr,1.084,6.100,24.500,24.500,33.500,27.200,27.420,280.640,292.260,Sum processing across Detectors
Total,Total,CPU,Total,MHr,24.012,44.277,69.752,59.273,79.510,64.951,70.615,401.028,423.833,Sum processing across Detectors
Total,Total,CPU Wall,Total,MHr,34.302,63.253,99.646,84.676,113.585,92.787,100.878,572.897,605.476,Sum processing across Detectors
Total,Total,CPU kHS23-Yr,Total,kHS23-Yr,43.074,79.427,125.126,106.328,142.630,116.513,126.673,719.391,760.301,Resum across sites
Total,Total,CPU Cores,Total,Cores,3915.803,7220.655,11375.133,9666.217,12966.363,10592.086,11515.765,65399.217,69118.273,Sum processing across Detectors
SP,Raw-Data,Disk,Total,TB,0.000,0.000,0.000,0.000,0.000,0.000,0.000,0.000,0.000,"Scale by number of copies, 1.00"
SP,Raw-Data,Tape,Total,TB,0.000,0.000,0.000,0.000,0.000,0.000,0.000,0.000,0.000,"Scale by number of copies, 2.00"
SP,Reco-Sim,Disk,Total,TB,293.700,0.000,0.000,0.000,0.000,0.000,0.000,0.000,0.000,"Scale by number of copies, 1.50"
SP,Reco-Sim,Tape,Total,TB,195.800,0.000,0.000,0.000,0.000,0.000,0.000,0.000,0.000,"Scale by number of copies, 1.00"
SP,Reco-Data,Disk,Total,TB,0.000,0.000,0.000,0.000,0.000,0.000,0.000,0.000,0.000,"Scale by number of copies, 2.00"
SP,Reco-Data,Tape,Total,TB,0.000,0.000,0.000,0.000,0.000,0.000,0.000,0.000,0.000,"Scale by number of copies, 1.00"
SP,Test,Disk,Total,TB,0.000,0.000,0.000,0.000,0.000,0.000,0.000,0.000,0.000,"Scale by number of copies, 1.00"
SP,Test,Tape,Total,TB,0.000,0.000,0.000,0.000,0.000,0.000,0.000,0.000,0.000,"Scale by number of copies, 1.00"
DP,Raw-Data,Disk,Total,TB,0.000,0.000,0.000,0.000,0.000,0.000,0.000,0.000,0.000,"Scale by number of copies, 1.00"
DP,Raw-Data,Tape,Total,TB,0.000,0.000,0.000,0.000,0.000,0.000,0.000,0.000,0.000,"Scale by number of copies, 2.00"
DP,Reco-Sim,Disk,Total,TB,0.000,0.000,0.000,0.000,0.000,0.000,0.000,0.000,0.000,"Scale by number of copies, 1.50"
DP,Reco-Sim,Tape,Total,TB,0.000,0.000,0.000,0.000,0.000,0.000,0.000,0.000,0.000,"Scale by number of copies, 1.00"
DP,Reco-Data,Disk,Total,TB,82.810,0.000,0.000,0.000,0.000,0.000,0.000,0.000,0.000,"Scale by number of copies, 2.00"
DP,Reco-Data,Tape,Total,TB,41.405,0.000,0.000,0.000,0.000,0.000,0.000,0.000,0.000,"Scale by number of copies, 1.00"
DP,Test,Disk,Total,TB,0.000,0.000,0.000,0.000,0.000,0.000,0.000,0.000,0.000,"Scale by number of copies, 1.00"
DP,Test,Tape,Total,TB,0.000,0.000,0.000,0.000,0.000,0.000,0.000,0.000,0.000,"Scale by number of copies, 1.00"
Coldbox,Raw-Data,Disk,Total,TB,0.000,0.000,0.000,0.000,0.000,0.000,0.000,0.000,0.000,"Scale by number of copies, 1.00"
Coldbox,Raw-Data,Tape,Total,TB,0.000,0.000,0.000,0.000,0.000,0.000,0.000,0.000,0.000,"Scale by number of copies, 2.00"
Coldbox,Reco-Sim,Disk,Total,TB,0.000,0.000,0.000,0.000,0.000,0.000,0.000,0.000,0.000,"Scale by number of copies, 1.50"
Coldbox,Reco-Sim,Tape,Total,TB,0.000,0.000,0.000,0.000,0.000,0.000,0.000,0.000,0.000,"Scale by number of copies, 1.00"
Coldbox,Reco-Data,Disk,Total,TB,0.000,0.000,0.000,0.000,0.000,0.000,0.000,0.000,0.000,"Scale by number of copies, 2.00"
Coldbox,Reco-Data,Tape,Total,TB,0.000,0.000,0.000,0.000,0.000,0.000,0.000,0.000,0.000,"Scale by number of copies, 1.00"
Coldbox,Test,Disk,Total,TB,151.400,0.000,0.000,0.000,0.000,0.000,0.000,0.000,0.000,"Scale by number of copies, 1.00"
Coldbox,Test,Tape,Total,TB,151.400,0.000,0.000,0.000,0.000,0.000,0.000,0.000,0.000,"Scale by number of copies, 1.00"
PDHD,Raw-Data,Disk,Total,TB,4760.000,0.000,0.000,0.000,0.000,0.000,0.000,0.000,0.000,"Scale by number of copies, 1.00"
PDHD,Raw-Data,Tape,Total,TB,9520.000,0.000,0.000,0.000,0.000,0.000,0.000,0.000,0.000,"Scale by number of copies, 2.00"
PDHD,TP,Disk,Total,TB,1679.000,0.000,0.000,0.000,0.000,0.000,0.000,0.000,0.000,"Scale by number of copies, 1.00"
PDHD,TP,Tape,Total,TB,1679.000,0.000,0.000,0.000,0.000,0.000,0.000,0.000,0.000,"Scale by number of copies, 1.00"
PDHD,Reco-Sim,Disk,Total,TB,858.000,1650.000,1650.000,1650.000,0.000,0.000,0.000,0.000,0.000,"Scale by number of copies, 1.50"
PDHD,Reco-Sim,Tape,Total,TB,572.000,1100.000,1100.000,1100.000,0.000,0.000,0.000,0.000,0.000,"Scale by number of copies, 1.00"
PDHD,Reco-Data,Disk,Total,TB,2380.000,2380.000,2380.000,0.000,0.000,0.000,0.000,0.000,0.000,"Scale by number of copies, 2.00"
PDHD,Reco-Data,Tape,Total,TB,1190.000,1190.000,1190.000,0.000,0.000,0.000,0.000,0.000,0.000,"Scale by number of copies, 1.00"
PDHD,Test,Disk,Total,TB,90.000,0.000,0.000,0.000,0.000,0.000,0.000,0.000,0.000,"Scale by number of copies, 1.00"
PDHD,Test,Tape,Total,TB,90.000,0.000,0.000,0.000,0.000,0.000,0.000,0.000,0.000,"Scale by number of copies, 1.00"
PDVD,Raw-Data,Disk,Total,TB,561.000,3300.000,561.000,0.000,0.000,0.000,0.000,0.000,0.000,"Scale by number of copies, 1.00"
PDVD,Raw-Data,Tape,Total,TB,1122.000,6600.000,1122.000,0.000,0.000,0.000,0.000,0.000,0.000,"Scale by number of copies, 2.00"
PDVD,TP,Disk,Total,TB,0.000,1000.000,0.000,0.000,0.000,0.000,0.000,0.000,0.000,"Scale by number of copies, 1.00"
PDVD,TP,Tape,Total,TB,0.000,1000.000,0.000,0.000,0.000,0.000,0.000,0.000,0.000,"Scale by number of copies, 1.00"
PDVD,Reco-Sim,Disk,Total,TB,61.380,1683.000,1683.000,1683.000,0.000,0.000,0.000,0.000,0.000,"Scale by number of copies, 1.50"
PDVD,Reco-Sim,Tape,Total,TB,40.920,1122.000,1122.000,1122.000,0.000,0.000,0.000,0.000,0.000,"Scale by number of copies, 1.00"
PDVD,Reco-Data,Disk,Total,TB,204.000,1404.000,1608.000,1404.000,204.000,0.000,0.000,0.000,0.000,"Scale by number of copies, 2.00"
PDVD,Reco-Data,Tape,Total,TB,102.000,702.000,804.000,702.000,102.000,0.000,0.000,0.000,0.000,"Scale by number of copies, 1.00"
PDVD,Test,Disk,Total,TB,0.200,500.000,500.000,0.000,0.000,0.000,0.000,0.000,0.000,"Scale by number of copies, 1.00"
PDVD,Test,Tape,Total,TB,0.200,500.000,500.000,0.000,0.000,0.000,0.000,0.000,0.000,"Scale by number of copies, 1.00"
FDVD,Raw-Data,Disk,Total,TB,0.000,0.000,0.000,0.000,0.000,0.000,16036.446,14251.012,14251.012,"Scale by number of copies, 1.00"
FDVD,Raw-Data,Tape,Total,TB,0.000,0.000,0.000,0.000,0.000,0.000,32072.893,28502.024,28502.024,"Scale by number of copies, 2.00"
FDVD,TP,Disk,Total,TB,0.000,0.000,0.000,3100.000,3100.000,3100.000,2824.601,2510.121,2510.121,"Scale by number of copies, 1.00"
FDVD,TP,Tape,Total,TB,0.000,0.000,0.000,3100.000,3100.000,3100.000,2824.601,2510.121,2510.121,"Scale by number of copies, 1.00"
FDVD,Reco-Sim,Disk,Total,TB,325.080,450.000,450.000,450.000,3150.000,1260.000,1260.000,1260.000,1260.000,"Scale by number of copies, 1.50"
FDVD,Reco-Sim,Tape,Total,TB,216.720,300.000,300.000,300.000,2100.000,840.000,840.000,840.000,840.000,"Scale by number of copies, 1.00"
FDVD,Reco-Data,Disk,Total,TB,0.000,0.000,0.000,0.000,0.000,0.000,88.000,176.000,264.000,"Scale by number of copies, 2.00"
FDVD,Reco-Data,Tape,Total,TB,0.000,0.000,0.000,0.000,0.000,0.000,44.000,88.000,132.000,"Scale by number of copies, 1.00"
FDVD,Test,Disk,Total,TB,0.000,0.000,0.000,2600.000,8400.000,2600.000,2369.021,2105.263,2105.263,"Scale by number of copies, 1.00"
FDVD,Test,Tape,Total,TB,0.000,0.000,0.000,2600.000,8400.000,2600.000,2369.021,2105.263,2105.263,"Scale by number of copies, 1.00"
FDHD,Raw-Data,Disk,Total,TB,0.000,0.000,0.000,0.000,0.000,0.000,3758.542,6680.162,6680.162,"Scale by number of copies, 1.00"
FDHD,Raw-Data,Tape,Total,TB,0.000,0.000,0.000,0.000,0.000,0.000,7517.084,13360.324,13360.324,"Scale by number of copies, 2.00"
FDHD,TP,Disk,Total,TB,0.000,0.000,0.000,3000.000,3000.000,3000.000,2733.485,2429.150,2429.150,"Scale by number of copies, 1.00"
FDHD,TP,Tape,Total,TB,0.000,0.000,0.000,3000.000,3000.000,3000.000,2733.485,2429.150,2429.150,"Scale by number of copies, 1.00"
FDHD,Reco-Sim,Disk,Total,TB,678.870,450.000,450.000,450.000,3000.000,1200.000,1200.000,1200.000,1200.000,"Scale by number of copies, 1.50"
FDHD,Reco-Sim,Tape,Total,TB,452.580,300.000,300.000,300.000,2000.000,800.000,800.000,800.000,800.000,"Scale by number of copies, 1.00"
FDHD,Reco-Data,Disk,Total,TB,0.000,0.000,0.000,0.000,0.000,0.000,44.000,132.000,220.000,"Scale by number of copies, 2.00"
FDHD,Reco-Data,Tape,Total,TB,0.000,0.000,0.000,0.000,0.000,0.000,22.000,66.000,110.000,"Scale by number of copies, 1.00"
FDHD,Test,Disk,Total,TB,0.000,0.000,0.000,2500.000,8000.000,2500.000,2277.904,2024.291,2024.291,"Scale by number of copies, 1.00"
FDHD,Test,Tape,Total,TB,0.000,0.000,0.000,2500.000,8000.000,2500.000,2277.904,2024.291,2024.291,"Scale by number of copies, 1.00"
ND-SAND,Raw-Data,Disk,Total,TB,0.000,0.000,0.000,0.000,0.000,0.000,0.000,0.000,75.000,"Scale by number of copies, 1.00"
ND-SAND,Raw-Data,Tape,Total,TB,0.000,0.000,0.000,0.000,0.000,0.000,0.000,0.000,150.000,"Scale by number of copies, 2.00"
ND-SAND,Reco-Sim,Disk,Total,TB,0.000,37.500,187.500,187.500,187.500,750.000,1125.000,2250.000,2250.000,"Scale by number of copies, 1.50"
ND-SAND,Reco-Sim,Tape,Total,TB,0.000,25.000,125.000,125.000,125.000,500.000,750.000,1500.000,1500.000,"Scale by number of copies, 1.00"
ND-SAND,Reco-Data,Disk,Total,TB,0.000,0.000,0.000,0.000,0.000,0.000,0.000,0.000,300.000,"Scale by number of copies, 2.00"
ND-SAND,Reco-Data,Tape,Total,TB,0.000,0.000,0.000,0.000,0.000,0.000,0.000,0.000,150.000,"Scale by number of copies, 1.00"
ND-SAND,Test,Disk,Total,TB,200.000,200.000,200.000,200.000,1000.000,1000.000,1000.000,1000.000,500.000,"Scale by number of copies, 1.00"
ND-SAND,Test,Tape,Total,TB,200.000,200.000,200.000,200.000,1000.000,1000.000,1000.000,1000.000,500.000,"Scale by number of copies, 1.00"
ND-LAr+TMS,Raw-Data,Disk,Total,TB,0.000,0.000,0.000,0.000,0.000,0.000,0.000,0.000,150.000,"Scale by number of copies, 1.00"
ND-LAr+TMS,Raw-Data,Tape,Total,TB,0.000,0.000,0.000,0.000,0.000,0.000,0.000,0.000,300.000,"Scale by number of copies, 2.00"
ND-LAr+TMS,Reco-Sim,Disk,Total,TB,0.000,75.000,375.000,375.000,375.000,375.000,375.000,4500.000,4500.000,"Scale by number of copies, 1.50"
ND-LAr+TMS,Reco-Sim,Tape,Total,TB,0.000,50.000,250.000,250.000,250.000,250.000,250.000,3000.000,3000.000,"Scale by number of copies, 1.00"
ND-LAr+TMS,Reco-Data,Disk,Total,TB,0.000,0.000,0.000,0.000,0.000,0.000,0.000,0.000,600.000,"Scale by number of copies, 2.00"
ND-LAr+TMS,Reco-Data,Tape,Total,TB,0.000,0.000,0.000,0.000,0.000,0.000,0.000,0.000,300.000,"Scale by number of copies, 1.00"
ND-LAr+TMS,Test,Disk,Total,TB,100.000,1000.000,1000.000,1000.000,1000.000,1000.000,1000.000,1000.000,500.000,"Scale by number of copies, 1.00"
ND-LAr+TMS,Test,Tape,Total,TB,100.000,1000.000,1000.000,1000.000,1000.000,1000.000,1000.000,1000.000,500.000,"Scale by number of copies, 1.00"
SP,Raw-Data,Tape,US,TB,0.000,0.000,0.000,0.000,0.000,0.000,0.000,0.000,0.000,Split  by 0.50
SP,Raw-Data,Tape,CERN,TB,0.000,0.000,0.000,0.000,0.000,0.000,0.000,0.000,0.000,Split  by 0.50
SP,Raw-Data,Tape,Global,TB,0.000,0.000,0.000,0.000,0.000,0.000,0.000,0.000,0.000,Split  by 0.00
SP,Raw-Data,Disk,US,TB,0.000,0.000,0.000,0.000,0.000,0.000,0.000,0.000,0.000,Split  by 0.50
SP,Raw-Data,Disk,CERN,TB,0.000,0.000,0.000,0.000,0.000,0.000,0.000,0.000,0.000,Split  by 0.50
SP,Raw-Data,Disk,Global,TB,0.000,0.000,0.000,0.000,0.000,0.000,0.000,0.000,0.000,Split  by 0.00
SP,Reco-Sim,Tape,US,TB,195.800,0.000,0.000,0.000,0.000,0.000,0.000,0.000,0.000,Split  by 1.00
SP,Reco-Sim,Tape,CERN,TB,0.000,0.000,0.000,0.000,0.000,0.000,0.000,0.000,0.000,Split  by 0.00
SP,Reco-Sim,Tape,Global,TB,0.000,0.000,0.000,0.000,0.000,0.000,0.000,0.000,0.000,Split  by 0.00
SP,Reco-Sim,Disk,US,TB,73.425,0.000,0.000,0.000,0.000,0.000,0.000,0.000,0.000,Split  by 0.25
SP,Reco-Sim,Disk,CERN,TB,0.000,0.000,0.000,0.000,0.000,0.000,0.000,0.000,0.000,Split  by 0.00
SP,Reco-Sim,Disk,Global,TB,220.275,0.000,0.000,0.000,0.000,0.000,0.000,0.000,0.000,Split  by 0.75
SP,Reco-Sim,CPU,US,MHr,0.267,0.000,0.000,0.000,0.000,0.000,0.000,0.000,0.000,Split  by 0.40
SP,Reco-Sim,CPU,CERN,MHr,0.067,0.000,0.000,0.000,0.000,0.000,0.000,0.000,0.000,Split  by 0.10
SP,Reco-Sim,CPU,Global,MHr,0.334,0.000,0.000,0.000,0.000,0.000,0.000,0.000,0.000,Split  by 0.50
SP,Reco-Sim,CPU kHS23-Yr,US,kHS23-Yr,0.479,0.000,0.000,0.000,0.000,0.000,0.000,0.000,0.000,Split  by 0.40
SP,Reco-Sim,CPU kHS23-Yr,CERN,kHS23-Yr,0.120,0.000,0.000,0.000,0.000,0.000,0.000,0.000,0.000,Split  by 0.10
SP,Reco-Sim,CPU kHS23-Yr,Global,kHS23-Yr,0.599,0.000,0.000,0.000,0.000,0.000,0.000,0.000,0.000,Split  by 0.50
SP,Reco-Sim,CPU Cores,US,Cores,43.542,0.000,0.000,0.000,0.000,0.000,0.000,0.000,0.000,Split  by 0.40
SP,Reco-Sim,CPU Cores,CERN,Cores,10.886,0.000,0.000,0.000,0.000,0.000,0.000,0.000,0.000,Split  by 0.10
SP,Reco-Sim,CPU Cores,Global,Cores,54.428,0.000,0.000,0.000,0.000,0.000,0.000,0.000,0.000,Split  by 0.50
SP,Reco-Data,Tape,US,TB,0.000,0.000,0.000,0.000,0.000,0.000,0.000,0.000,0.000,Split  by 1.00
SP,Reco-Data,Tape,CERN,TB,0.000,0.000,0.000,0.000,0.000,0.000,0.000,0.000,0.000,Split  by 0.00
SP,Reco-Data,Tape,Global,TB,0.000,0.000,0.000,0.000,0.000,0.000,0.000,0.000,0.000,Split  by 0.00
SP,Reco-Data,Disk,US,TB,0.000,0.000,0.000,0.000,0.000,0.000,0.000,0.000,0.000,Split  by 0.25
SP,Reco-Data,Disk,CERN,TB,0.000,0.000,0.000,0.000,0.000,0.000,0.000,0.000,0.000,Split  by 0.00
SP,Reco-Data,Disk,Global,TB,0.000,0.000,0.000,0.000,0.000,0.000,0.000,0.000,0.000,Split  by 0.75
SP,Reco-Data,CPU,US,MHr,0.000,0.000,0.000,0.000,0.000,0.000,0.000,0.000,0.000,Split  by 0.40
SP,Reco-Data,CPU,CERN,MHr,0.000,0.000,0.000,0.000,0.000,0.000,0.000,0.000,0.000,Split  by 0.10
SP,Reco-Data,CPU,Global,MHr,0.000,0.000,0.000,0.000,0.000,0.000,0.000,0.000,0.000,Split  by 0.50
SP,Reco-Data,CPU kHS23-Yr,US,kHS23-Yr,0.000,0.000,0.000,0.000,0.000,0.000,0.000,0.000,0.000,Split  by 0.40
SP,Reco-Data,CPU kHS23-Yr,CERN,kHS23-Yr,0.000,0.000,0.000,0.000,0.000,0.000,0.000,0.000,0.000,Split  by 0.10
SP,Reco-Data,CPU kHS23-Yr,Global,kHS23-Yr,0.000,0.000,0.000,0.000,0.000,0.000,0.000,0.000,0.000,Split  by 0.50
SP,Reco-Data,CPU Cores,US,Cores,0.000,0.000,0.000,0.000,0.000,0.000,0.000,0.000,0.000,Split  by 0.40
SP,Reco-Data,CPU Cores,CERN,Cores,0.000,0.000,0.000,0.000,0.000,0.000,0.000,0.000,0.000,Split  by 0.10
SP,Reco-Data,CPU Cores,Global,Cores,0.000,0.000,0.000,0.000,0.000,0.000,0.000,0.000,0.000,Split  by 0.50
SP,Test,Tape,US,TB,0.000,0.000,0.000,0.000,0.000,0.000,0.000,0.000,0.000,Split  by 0.50
SP,Test,Tape,CERN,TB,0.000,0.000,0.000,0.000,0.000,0.000,0.000,0.000,0.000,Split  by 0.50
SP,Test,Tape,Global,TB,0.000,0.000,0.000,0.000,0.000,0.000,0.000,0.000,0.000,Split  by 0.00
SP,Test,Disk,US,TB,0.000,0.000,0.000,0.000,0.000,0.000,0.000,0.000,0.000,Split  by 0.50
SP,Test,Disk,CERN,TB,0.000,0.000,0.000,0.000,0.000,0.000,0.000,0.000,0.000,Split  by 0.50
SP,Test,Disk,Global,TB,0.000,0.000,0.000,0.000,0.000,0.000,0.000,0.000,0.000,Split  by 0.00
SP,Analysis-Data,CPU,US,MHr,0.000,0.000,0.000,0.000,0.000,0.000,0.000,0.000,0.000,Split  by 0.40
SP,Analysis-Data,CPU,CERN,MHr,0.000,0.000,0.000,0.000,0.000,0.000,0.000,0.000,0.000,Split  by 0.10
SP,Analysis-Data,CPU,Global,MHr,0.000,0.000,0.000,0.000,0.000,0.000,0.000,0.000,0.000,Split  by 0.50
SP,Analysis-Data,CPU kHS23-Yr,US,kHS23-Yr,0.000,0.000,0.000,0.000,0.000,0.000,0.000,0.000,0.000,Split  by 0.40
SP,Analysis-Data,CPU kHS23-Yr,CERN,kHS23-Yr,0.000,0.000,0.000,0.000,0.000,0.000,0.000,0.000,0.000,Split  by 0.10
SP,Analysis-Data,CPU kHS23-Yr,Global,kHS23-Yr,0.000,0.000,0.000,0.000,0.000,0.000,0.000,0.000,0.000,Split  by 0.50
SP,Analysis-Data,CPU Cores,US,Cores,0.000,0.000,0.000,0.000,0.000,0.000,0.000,0.000,0.000,Split  by 0.40
SP,Analysis-Data,CPU Cores,CERN,Cores,0.000,0.000,0.000,0.000,0.000,0.000,0.000,0.000,0.000,Split  by 0.10
SP,Analysis-Data,CPU Cores,Global,Cores,0.000,0.000,0.000,0.000,0.000,0.000,0.000,0.000,0.000,Split  by 0.50
SP,Analysis-Sim,CPU,US,MHr,1.545,1.545,1.545,0.000,0.000,0.000,0.000,0.000,0.000,Split  by 0.40
SP,Analysis-Sim,CPU,CERN,MHr,0.386,0.386,0.386,0.000,0.000,0.000,0.000,0.000,0.000,Split  by 0.10
SP,Analysis-Sim,CPU,Global,MHr,1.931,1.931,1.931,0.000,0.000,0.000,0.000,0.000,0.000,Split  by 0.50
SP,Analysis-Sim,CPU kHS23-Yr,US,kHS23-Yr,2.772,2.772,2.772,0.000,0.000,0.000,0.000,0.000,0.000,Split  by 0.40
SP,Analysis-Sim,CPU kHS23-Yr,CERN,kHS23-Yr,0.693,0.693,0.693,0.000,0.000,0.000,0.000,0.000,0.000,Split  by 0.10
SP,Analysis-Sim,CPU kHS23-Yr,Global,kHS23-Yr,3.464,3.464,3.464,0.000,0.000,0.000,0.000,0.000,0.000,Split  by 0.50
SP,Analysis-Sim,CPU Cores,US,Cores,251.957,251.957,251.957,0.000,0.000,0.000,0.000,0.000,0.000,Split  by 0.40
SP,Analysis-Sim,CPU Cores,CERN,Cores,62.989,62.989,62.989,0.000,0.000,0.000,0.000,0.000,0.000,Split  by 0.10
SP,Analysis-Sim,CPU Cores,Global,Cores,314.946,314.946,314.946,0.000,0.000,0.000,0.000,0.000,0.000,Split  by 0.50
DP,Raw-Data,Tape,US,TB,0.000,0.000,0.000,0.000,0.000,0.000,0.000,0.000,0.000,Split  by 0.50
DP,Raw-Data,Tape,CERN,TB,0.000,0.000,0.000,0.000,0.000,0.000,0.000,0.000,0.000,Split  by 0.50
DP,Raw-Data,Tape,Global,TB,0.000,0.000,0.000,0.000,0.000,0.000,0.000,0.000,0.000,Split  by 0.00
DP,Raw-Data,Disk,US,TB,0.000,0.000,0.000,0.000,0.000,0.000,0.000,0.000,0.000,Split  by 0.50
DP,Raw-Data,Disk,CERN,TB,0.000,0.000,0.000,0.000,0.000,0.000,0.000,0.000,0.000,Split  by 0.50
DP,Raw-Data,Disk,Global,TB,0.000,0.000,0.000,0.000,0.000,0.000,0.000,0.000,0.000,Split  by 0.00
DP,Reco-Sim,Tape,US,TB,0.000,0.000,0.000,0.000,0.000,0.000,0.000,0.000,0.000,Split  by 1.00
DP,Reco-Sim,Tape,CERN,TB,0.000,0.000,0.000,0.000,0.000,0.000,0.000,0.000,0.000,Split  by 0.00
DP,Reco-Sim,Tape,Global,TB,0.000,0.000,0.000,0.000,0.000,0.000,0.000,0.000,0.000,Split  by 0.00
DP,Reco-Sim,Disk,US,TB,0.000,0.000,0.000,0.000,0.000,0.000,0.000,0.000,0.000,Split  by 0.25
DP,Reco-Sim,Disk,CERN,TB,0.000,0.000,0.000,0.000,0.000,0.000,0.000,0.000,0.000,Split  by 0.00
DP,Reco-Sim,Disk,Global,TB,0.000,0.000,0.000,0.000,0.000,0.000,0.000,0.000,0.000,Split  by 0.75
DP,Reco-Sim,CPU,US,MHr,0.000,0.000,0.000,0.000,0.000,0.000,0.000,0.000,0.000,Split  by 0.40
DP,Reco-Sim,CPU,CERN,MHr,0.000,0.000,0.000,0.000,0.000,0.000,0.000,0.000,0.000,Split  by 0.10
DP,Reco-Sim,CPU,Global,MHr,0.000,0.000,0.000,0.000,0.000,0.000,0.000,0.000,0.000,Split  by 0.50
DP,Reco-Sim,CPU kHS23-Yr,US,kHS23-Yr,0.000,0.000,0.000,0.000,0.000,0.000,0.000,0.000,0.000,Split  by 0.40
DP,Reco-Sim,CPU kHS23-Yr,CERN,kHS23-Yr,0.000,0.000,0.000,0.000,0.000,0.000,0.000,0.000,0.000,Split  by 0.10
DP,Reco-Sim,CPU kHS23-Yr,Global,kHS23-Yr,0.000,0.000,0.000,0.000,0.000,0.000,0.000,0.000,0.000,Split  by 0.50
DP,Reco-Sim,CPU Cores,US,Cores,0.000,0.000,0.000,0.000,0.000,0.000,0.000,0.000,0.000,Split  by 0.40
DP,Reco-Sim,CPU Cores,CERN,Cores,0.000,0.000,0.000,0.000,0.000,0.000,0.000,0.000,0.000,Split  by 0.10
DP,Reco-Sim,CPU Cores,Global,Cores,0.000,0.000,0.000,0.000,0.000,0.000,0.000,0.000,0.000,Split  by 0.50
DP,Reco-Data,Tape,US,TB,41.405,0.000,0.000,0.000,0.000,0.000,0.000,0.000,0.000,Split  by 1.00
DP,Reco-Data,Tape,CERN,TB,0.000,0.000,0.000,0.000,0.000,0.000,0.000,0.000,0.000,Split  by 0.00
DP,Reco-Data,Tape,Global,TB,0.000,0.000,0.000,0.000,0.000,0.000,0.000,0.000,0.000,Split  by 0.00
DP,Reco-Data,Disk,US,TB,20.703,0.000,0.000,0.000,0.000,0.000,0.000,0.000,0.000,Split  by 0.25
DP,Reco-Data,Disk,CERN,TB,0.000,0.000,0.000,0.000,0.000,0.000,0.000,0.000,0.000,Split  by 0.00
DP,Reco-Data,Disk,Global,TB,62.108,0.000,0.000,0.000,0.000,0.000,0.000,0.000,0.000,Split  by 0.75
DP,Reco-Data,CPU,US,MHr,0.079,0.000,0.000,0.000,0.000,0.000,0.000,0.000,0.000,Split  by 0.40
DP,Reco-Data,CPU,CERN,MHr,0.020,0.000,0.000,0.000,0.000,0.000,0.000,0.000,0.000,Split  by 0.10
DP,Reco-Data,CPU,Global,MHr,0.099,0.000,0.000,0.000,0.000,0.000,0.000,0.000,0.000,Split  by 0.50
DP,Reco-Data,CPU kHS23-Yr,US,kHS23-Yr,0.142,0.000,0.000,0.000,0.000,0.000,0.000,0.000,0.000,Split  by 0.40
DP,Reco-Data,CPU kHS23-Yr,CERN,kHS23-Yr,0.035,0.000,0.000,0.000,0.000,0.000,0.000,0.000,0.000,Split  by 0.10
DP,Reco-Data,CPU kHS23-Yr,Global,kHS23-Yr,0.177,0.000,0.000,0.000,0.000,0.000,0.000,0.000,0.000,Split  by 0.50
DP,Reco-Data,CPU Cores,US,Cores,12.864,0.000,0.000,0.000,0.000,0.000,0.000,0.000,0.000,Split  by 0.40
DP,Reco-Data,CPU Cores,CERN,Cores,3.216,0.000,0.000,0.000,0.000,0.000,0.000,0.000,0.000,Split  by 0.10
DP,Reco-Data,CPU Cores,Global,Cores,16.080,0.000,0.000,0.000,0.000,0.000,0.000,0.000,0.000,Split  by 0.50
DP,Test,Tape,US,TB,0.000,0.000,0.000,0.000,0.000,0.000,0.000,0.000,0.000,Split  by 0.50
DP,Test,Tape,CERN,TB,0.000,0.000,0.000,0.000,0.000,0.000,0.000,0.000,0.000,Split  by 0.50
DP,Test,Tape,Global,TB,0.000,0.000,0.000,0.000,0.000,0.000,0.000,0.000,0.000,Split  by 0.00
DP,Test,Disk,US,TB,0.000,0.000,0.000,0.000,0.000,0.000,0.000,0.000,0.000,Split  by 0.50
DP,Test,Disk,CERN,TB,0.000,0.000,0.000,0.000,0.000,0.000,0.000,0.000,0.000,Split  by 0.50
DP,Test,Disk,Global,TB,0.000,0.000,0.000,0.000,0.000,0.000,0.000,0.000,0.000,Split  by 0.00
DP,Analysis-Data,CPU,US,MHr,0.039,0.039,0.039,0.000,0.000,0.000,0.000,0.000,0.000,Split  by 0.40
DP,Analysis-Data,CPU,CERN,MHr,0.010,0.010,0.010,0.000,0.000,0.000,0.000,0.000,0.000,Split  by 0.10
DP,Analysis-Data,CPU,Global,MHr,0.049,0.049,0.049,0.000,0.000,0.000,0.000,0.000,0.000,Split  by 0.50
DP,Analysis-Data,CPU kHS23-Yr,US,kHS23-Yr,0.071,0.071,0.071,0.000,0.000,0.000,0.000,0.000,0.000,Split  by 0.40
DP,Analysis-Data,CPU kHS23-Yr,CERN,kHS23-Yr,0.018,0.018,0.018,0.000,0.000,0.000,0.000,0.000,0.000,Split  by 0.10
DP,Analysis-Data,CPU kHS23-Yr,Global,kHS23-Yr,0.088,0.088,0.088,0.000,0.000,0.000,0.000,0.000,0.000,Split  by 0.50
DP,Analysis-Data,CPU Cores,US,Cores,6.432,6.432,6.432,0.000,0.000,0.000,0.000,0.000,0.000,Split  by 0.40
DP,Analysis-Data,CPU Cores,CERN,Cores,1.608,1.608,1.608,0.000,0.000,0.000,0.000,0.000,0.000,Split  by 0.10
DP,Analysis-Data,CPU Cores,Global,Cores,8.040,8.040,8.040,0.000,0.000,0.000,0.000,0.000,0.000,Split  by 0.50
DP,Analysis-Sim,CPU,US,MHr,0.000,0.000,0.000,0.000,0.000,0.000,0.000,0.000,0.000,Split  by 0.40
DP,Analysis-Sim,CPU,CERN,MHr,0.000,0.000,0.000,0.000,0.000,0.000,0.000,0.000,0.000,Split  by 0.10
DP,Analysis-Sim,CPU,Global,MHr,0.000,0.000,0.000,0.000,0.000,0.000,0.000,0.000,0.000,Split  by 0.50
DP,Analysis-Sim,CPU kHS23-Yr,US,kHS23-Yr,0.000,0.000,0.000,0.000,0.000,0.000,0.000,0.000,0.000,Split  by 0.40
DP,Analysis-Sim,CPU kHS23-Yr,CERN,kHS23-Yr,0.000,0.000,0.000,0.000,0.000,0.000,0.000,0.000,0.000,Split  by 0.10
DP,Analysis-Sim,CPU kHS23-Yr,Global,kHS23-Yr,0.000,0.000,0.000,0.000,0.000,0.000,0.000,0.000,0.000,Split  by 0.50
DP,Analysis-Sim,CPU Cores,US,Cores,0.000,0.000,0.000,0.000,0.000,0.000,0.000,0.000,0.000,Split  by 0.40
DP,Analysis-Sim,CPU Cores,CERN,Cores,0.000,0.000,0.000,0.000,0.000,0.000,0.000,0.000,0.000,Split  by 0.10
DP,Analysis-Sim,CPU Cores,Global,Cores,0.000,0.000,0.000,0.000,0.000,0.000,0.000,0.000,0.000,Split  by 0.50
Coldbox,Raw-Data,Tape,US,TB,0.000,0.000,0.000,0.000,0.000,0.000,0.000,0.000,0.000,Split  by 0.50
Coldbox,Raw-Data,Tape,CERN,TB,0.000,0.000,0.000,0.000,0.000,0.000,0.000,0.000,0.000,Split  by 0.50
Coldbox,Raw-Data,Tape,Global,TB,0.000,0.000,0.000,0.000,0.000,0.000,0.000,0.000,0.000,Split  by 0.00
Coldbox,Raw-Data,Disk,US,TB,0.000,0.000,0.000,0.000,0.000,0.000,0.000,0.000,0.000,Split  by 0.50
Coldbox,Raw-Data,Disk,CERN,TB,0.000,0.000,0.000,0.000,0.000,0.000,0.000,0.000,0.000,Split  by 0.50
Coldbox,Raw-Data,Disk,Global,TB,0.000,0.000,0.000,0.000,0.000,0.000,0.000,0.000,0.000,Split  by 0.00
Coldbox,Reco-Sim,Tape,US,TB,0.000,0.000,0.000,0.000,0.000,0.000,0.000,0.000,0.000,Split  by 1.00
Coldbox,Reco-Sim,Tape,CERN,TB,0.000,0.000,0.000,0.000,0.000,0.000,0.000,0.000,0.000,Split  by 0.00
Coldbox,Reco-Sim,Tape,Global,TB,0.000,0.000,0.000,0.000,0.000,0.000,0.000,0.000,0.000,Split  by 0.00
Coldbox,Reco-Sim,Disk,US,TB,0.000,0.000,0.000,0.000,0.000,0.000,0.000,0.000,0.000,Split  by 0.25
Coldbox,Reco-Sim,Disk,CERN,TB,0.000,0.000,0.000,0.000,0.000,0.000,0.000,0.000,0.000,Split  by 0.00
Coldbox,Reco-Sim,Disk,Global,TB,0.000,0.000,0.000,0.000,0.000,0.000,0.000,0.000,0.000,Split  by 0.75
Coldbox,Reco-Sim,CPU,US,MHr,0.000,0.000,0.000,0.000,0.000,0.000,0.000,0.000,0.000,Split  by 0.40
Coldbox,Reco-Sim,CPU,CERN,MHr,0.000,0.000,0.000,0.000,0.000,0.000,0.000,0.000,0.000,Split  by 0.10
Coldbox,Reco-Sim,CPU,Global,MHr,0.000,0.000,0.000,0.000,0.000,0.000,0.000,0.000,0.000,Split  by 0.50
Coldbox,Reco-Sim,CPU kHS23-Yr,US,kHS23-Yr,0.000,0.000,0.000,0.000,0.000,0.000,0.000,0.000,0.000,Split  by 0.40
Coldbox,Reco-Sim,CPU kHS23-Yr,CERN,kHS23-Yr,0.000,0.000,0.000,0.000,0.000,0.000,0.000,0.000,0.000,Split  by 0.10
Coldbox,Reco-Sim,CPU kHS23-Yr,Global,kHS23-Yr,0.000,0.000,0.000,0.000,0.000,0.000,0.000,0.000,0.000,Split  by 0.50
Coldbox,Reco-Sim,CPU Cores,US,Cores,0.000,0.000,0.000,0.000,0.000,0.000,0.000,0.000,0.000,Split  by 0.40
Coldbox,Reco-Sim,CPU Cores,CERN,Cores,0.000,0.000,0.000,0.000,0.000,0.000,0.000,0.000,0.000,Split  by 0.10
Coldbox,Reco-Sim,CPU Cores,Global,Cores,0.000,0.000,0.000,0.000,0.000,0.000,0.000,0.000,0.000,Split  by 0.50
Coldbox,Reco-Data,Tape,US,TB,0.000,0.000,0.000,0.000,0.000,0.000,0.000,0.000,0.000,Split  by 1.00
Coldbox,Reco-Data,Tape,CERN,TB,0.000,0.000,0.000,0.000,0.000,0.000,0.000,0.000,0.000,Split  by 0.00
Coldbox,Reco-Data,Tape,Global,TB,0.000,0.000,0.000,0.000,0.000,0.000,0.000,0.000,0.000,Split  by 0.00
Coldbox,Reco-Data,Disk,US,TB,0.000,0.000,0.000,0.000,0.000,0.000,0.000,0.000,0.000,Split  by 0.25
Coldbox,Reco-Data,Disk,CERN,TB,0.000,0.000,0.000,0.000,0.000,0.000,0.000,0.000,0.000,Split  by 0.00
Coldbox,Reco-Data,Disk,Global,TB,0.000,0.000,0.000,0.000,0.000,0.000,0.000,0.000,0.000,Split  by 0.75
Coldbox,Reco-Data,CPU,US,MHr,0.000,0.000,0.000,0.000,0.000,0.000,0.000,0.000,0.000,Split  by 0.40
Coldbox,Reco-Data,CPU,CERN,MHr,0.000,0.000,0.000,0.000,0.000,0.000,0.000,0.000,0.000,Split  by 0.10
Coldbox,Reco-Data,CPU,Global,MHr,0.000,0.000,0.000,0.000,0.000,0.000,0.000,0.000,0.000,Split  by 0.50
Coldbox,Reco-Data,CPU kHS23-Yr,US,kHS23-Yr,0.000,0.000,0.000,0.000,0.000,0.000,0.000,0.000,0.000,Split  by 0.40
Coldbox,Reco-Data,CPU kHS23-Yr,CERN,kHS23-Yr,0.000,0.000,0.000,0.000,0.000,0.000,0.000,0.000,0.000,Split  by 0.10
Coldbox,Reco-Data,CPU kHS23-Yr,Global,kHS23-Yr,0.000,0.000,0.000,0.000,0.000,0.000,0.000,0.000,0.000,Split  by 0.50
Coldbox,Reco-Data,CPU Cores,US,Cores,0.000,0.000,0.000,0.000,0.000,0.000,0.000,0.000,0.000,Split  by 0.40
Coldbox,Reco-Data,CPU Cores,CERN,Cores,0.000,0.000,0.000,0.000,0.000,0.000,0.000,0.000,0.000,Split  by 0.10
Coldbox,Reco-Data,CPU Cores,Global,Cores,0.000,0.000,0.000,0.000,0.000,0.000,0.000,0.000,0.000,Split  by 0.50
Coldbox,Test,Tape,US,TB,75.700,0.000,0.000,0.000,0.000,0.000,0.000,0.000,0.000,Split  by 0.50
Coldbox,Test,Tape,CERN,TB,75.700,0.000,0.000,0.000,0.000,0.000,0.000,0.000,0.000,Split  by 0.50
Coldbox,Test,Tape,Global,TB,0.000,0.000,0.000,0.000,0.000,0.000,0.000,0.000,0.000,Split  by 0.00
Coldbox,Test,Disk,US,TB,75.700,0.000,0.000,0.000,0.000,0.000,0.000,0.000,0.000,Split  by 0.50
Coldbox,Test,Disk,CERN,TB,75.700,0.000,0.000,0.000,0.000,0.000,0.000,0.000,0.000,Split  by 0.50
Coldbox,Test,Disk,Global,TB,0.000,0.000,0.000,0.000,0.000,0.000,0.000,0.000,0.000,Split  by 0.00
Coldbox,Analysis-Data,CPU,US,MHr,0.000,0.000,0.000,0.000,0.000,0.000,0.000,0.000,0.000,Split  by 0.40
Coldbox,Analysis-Data,CPU,CERN,MHr,0.000,0.000,0.000,0.000,0.000,0.000,0.000,0.000,0.000,Split  by 0.10
Coldbox,Analysis-Data,CPU,Global,MHr,0.000,0.000,0.000,0.000,0.000,0.000,0.000,0.000,0.000,Split  by 0.50
Coldbox,Analysis-Data,CPU kHS23-Yr,US,kHS23-Yr,0.000,0.000,0.000,0.000,0.000,0.000,0.000,0.000,0.000,Split  by 0.40
Coldbox,Analysis-Data,CPU kHS23-Yr,CERN,kHS23-Yr,0.000,0.000,0.000,0.000,0.000,0.000,0.000,0.000,0.000,Split  by 0.10
Coldbox,Analysis-Data,CPU kHS23-Yr,Global,kHS23-Yr,0.000,0.000,0.000,0.000,0.000,0.000,0.000,0.000,0.000,Split  by 0.50
Coldbox,Analysis-Data,CPU Cores,US,Cores,0.000,0.000,0.000,0.000,0.000,0.000,0.000,0.000,0.000,Split  by 0.40
Coldbox,Analysis-Data,CPU Cores,CERN,Cores,0.000,0.000,0.000,0.000,0.000,0.000,0.000,0.000,0.000,Split  by 0.10
Coldbox,Analysis-Data,CPU Cores,Global,Cores,0.000,0.000,0.000,0.000,0.000,0.000,0.000,0.000,0.000,Split  by 0.50
Coldbox,Analysis-Sim,CPU,US,MHr,0.000,0.000,0.000,0.000,0.000,0.000,0.000,0.000,0.000,Split  by 0.40
Coldbox,Analysis-Sim,CPU,CERN,MHr,0.000,0.000,0.000,0.000,0.000,0.000,0.000,0.000,0.000,Split  by 0.10
Coldbox,Analysis-Sim,CPU,Global,MHr,0.000,0.000,0.000,0.000,0.000,0.000,0.000,0.000,0.000,Split  by 0.50
Coldbox,Analysis-Sim,CPU kHS23-Yr,US,kHS23-Yr,0.000,0.000,0.000,0.000,0.000,0.000,0.000,0.000,0.000,Split  by 0.40
Coldbox,Analysis-Sim,CPU kHS23-Yr,CERN,kHS23-Yr,0.000,0.000,0.000,0.000,0.000,0.000,0.000,0.000,0.000,Split  by 0.10
Coldbox,Analysis-Sim,CPU kHS23-Yr,Global,kHS23-Yr,0.000,0.000,0.000,0.000,0.000,0.000,0.000,0.000,0.000,Split  by 0.50
Coldbox,Analysis-Sim,CPU Cores,US,Cores,0.000,0.000,0.000,0.000,0.000,0.000,0.000,0.000,0.000,Split  by 0.40
Coldbox,Analysis-Sim,CPU Cores,CERN,Cores,0.000,0.000,0.000,0.000,0.000,0.000,0.000,0.000,0.000,Split  by 0.10
Coldbox,Analysis-Sim,CPU Cores,Global,Cores,0.000,0.000,0.000,0.000,0.000,0.000,0.000,0.000,0.000,Split  by 0.50
PDHD,Raw-Data,Tape,US,TB,4760.000,0.000,0.000,0.000,0.000,0.000,0.000,0.000,0.000,Split  by 0.50
PDHD,Raw-Data,Tape,CERN,TB,4760.000,0.000,0.000,0.000,0.000,0.000,0.000,0.000,0.000,Split  by 0.50
PDHD,Raw-Data,Tape,Global,TB,0.000,0.000,0.000,0.000,0.000,0.000,0.000,0.000,0.000,Split  by 0.00
PDHD,Raw-Data,Disk,US,TB,2380.000,0.000,0.000,0.000,0.000,0.000,0.000,0.000,0.000,Split  by 0.50
PDHD,Raw-Data,Disk,CERN,TB,2380.000,0.000,0.000,0.000,0.000,0.000,0.000,0.000,0.000,Split  by 0.50
PDHD,Raw-Data,Disk,Global,TB,0.000,0.000,0.000,0.000,0.000,0.000,0.000,0.000,0.000,Split  by 0.00
PDHD,TP,Tape,US,TB,839.500,0.000,0.000,0.000,0.000,0.000,0.000,0.000,0.000,Split  by 0.50
PDHD,TP,Tape,CERN,TB,839.500,0.000,0.000,0.000,0.000,0.000,0.000,0.000,0.000,Split  by 0.50
PDHD,TP,Tape,Global,TB,0.000,0.000,0.000,0.000,0.000,0.000,0.000,0.000,0.000,Split  by 0.00
PDHD,TP,Disk,US,TB,839.500,0.000,0.000,0.000,0.000,0.000,0.000,0.000,0.000,Split  by 0.50
PDHD,TP,Disk,CERN,TB,839.500,0.000,0.000,0.000,0.000,0.000,0.000,0.000,0.000,Split  by 0.50
PDHD,TP,Disk,Global,TB,0.000,0.000,0.000,0.000,0.000,0.000,0.000,0.000,0.000,Split  by 0.00
PDHD,Reco-Sim,Tape,US,TB,572.000,1100.000,1100.000,1100.000,0.000,0.000,0.000,0.000,0.000,Split  by 1.00
PDHD,Reco-Sim,Tape,CERN,TB,0.000,0.000,0.000,0.000,0.000,0.000,0.000,0.000,0.000,Split  by 0.00
PDHD,Reco-Sim,Tape,Global,TB,0.000,0.000,0.000,0.000,0.000,0.000,0.000,0.000,0.000,Split  by 0.00
PDHD,Reco-Sim,Disk,US,TB,214.500,412.500,412.500,412.500,0.000,0.000,0.000,0.000,0.000,Split  by 0.25
PDHD,Reco-Sim,Disk,CERN,TB,0.000,0.000,0.000,0.000,0.000,0.000,0.000,0.000,0.000,Split  by 0.00
PDHD,Reco-Sim,Disk,Global,TB,643.500,1237.500,1237.500,1237.500,0.000,0.000,0.000,0.000,0.000,Split  by 0.75
PDHD,Reco-Sim,CPU,US,MHr,0.780,1.500,1.500,1.500,0.000,0.000,0.000,0.000,0.000,Split  by 0.40
PDHD,Reco-Sim,CPU,CERN,MHr,0.195,0.375,0.375,0.375,0.000,0.000,0.000,0.000,0.000,Split  by 0.10
PDHD,Reco-Sim,CPU,Global,MHr,0.975,1.875,1.875,1.875,0.000,0.000,0.000,0.000,0.000,Split  by 0.50
PDHD,Reco-Sim,CPU kHS23-Yr,US,kHS23-Yr,1.399,2.691,2.691,2.691,0.000,0.000,0.000,0.000,0.000,Split  by 0.40
PDHD,Reco-Sim,CPU kHS23-Yr,CERN,kHS23-Yr,0.350,0.673,0.673,0.673,0.000,0.000,0.000,0.000,0.000,Split  by 0.10
PDHD,Reco-Sim,CPU kHS23-Yr,Global,kHS23-Yr,1.749,3.364,3.364,3.364,0.000,0.000,0.000,0.000,0.000,Split  by 0.50
PDHD,Reco-Sim,CPU Cores,US,Cores,127.202,244.618,244.618,244.618,0.000,0.000,0.000,0.000,0.000,Split  by 0.40
PDHD,Reco-Sim,CPU Cores,CERN,Cores,31.800,61.155,61.155,61.155,0.000,0.000,0.000,0.000,0.000,Split  by 0.10
PDHD,Reco-Sim,CPU Cores,Global,Cores,159.002,305.773,305.773,305.773,0.000,0.000,0.000,0.000,0.000,Split  by 0.50
PDHD,Reco-Data,Tape,US,TB,1190.000,1190.000,1190.000,0.000,0.000,0.000,0.000,0.000,0.000,Split  by 1.00
PDHD,Reco-Data,Tape,CERN,TB,0.000,0.000,0.000,0.000,0.000,0.000,0.000,0.000,0.000,Split  by 0.00
PDHD,Reco-Data,Tape,Global,TB,0.000,0.000,0.000,0.000,0.000,0.000,0.000,0.000,0.000,Split  by 0.00
PDHD,Reco-Data,Disk,US,TB,595.000,595.000,595.000,0.000,0.000,0.000,0.000,0.000,0.000,Split  by 0.25
PDHD,Reco-Data,Disk,CERN,TB,0.000,0.000,0.000,0.000,0.000,0.000,0.000,0.000,0.000,Split  by 0.00
PDHD,Reco-Data,Disk,Global,TB,1785.000,1785.000,1785.000,0.000,0.000,0.000,0.000,0.000,0.000,Split  by 0.75
PDHD,Reco-Data,CPU,US,MHr,2.267,2.267,2.267,0.000,0.000,0.000,0.000,0.000,0.000,Split  by 0.40
PDHD,Reco-Data,CPU,CERN,MHr,0.567,0.567,0.567,0.000,0.000,0.000,0.000,0.000,0.000,Split  by 0.10
PDHD,Reco-Data,CPU,Global,MHr,2.834,2.834,2.834,0.000,0.000,0.000,0.000,0.000,0.000,Split  by 0.50
PDHD,Reco-Data,CPU kHS23-Yr,US,kHS23-Yr,4.067,4.067,4.067,0.000,0.000,0.000,0.000,0.000,0.000,Split  by 0.40
PDHD,Reco-Data,CPU kHS23-Yr,CERN,kHS23-Yr,1.017,1.017,1.017,0.000,0.000,0.000,0.000,0.000,0.000,Split  by 0.10
PDHD,Reco-Data,CPU kHS23-Yr,Global,kHS23-Yr,5.084,5.084,5.084,0.000,0.000,0.000,0.000,0.000,0.000,Split  by 0.50
PDHD,Reco-Data,CPU Cores,US,Cores,369.720,369.720,369.720,0.000,0.000,0.000,0.000,0.000,0.000,Split  by 0.40
PDHD,Reco-Data,CPU Cores,CERN,Cores,92.430,92.430,92.430,0.000,0.000,0.000,0.000,0.000,0.000,Split  by 0.10
PDHD,Reco-Data,CPU Cores,Global,Cores,462.149,462.149,462.149,0.000,0.000,0.000,0.000,0.000,0.000,Split  by 0.50
PDHD,Test,Tape,US,TB,45.000,0.000,0.000,0.000,0.000,0.000,0.000,0.000,0.000,Split  by 0.50
PDHD,Test,Tape,CERN,TB,45.000,0.000,0.000,0.000,0.000,0.000,0.000,0.000,0.000,Split  by 0.50
PDHD,Test,Tape,Global,TB,0.000,0.000,0.000,0.000,0.000,0.000,0.000,0.000,0.000,Split  by 0.00
PDHD,Test,Disk,US,TB,45.000,0.000,0.000,0.000,0.000,0.000,0.000,0.000,0.000,Split  by 0.50
PDHD,Test,Disk,CERN,TB,45.000,0.000,0.000,0.000,0.000,0.000,0.000,0.000,0.000,Split  by 0.50
PDHD,Test,Disk,Global,TB,0.000,0.000,0.000,0.000,0.000,0.000,0.000,0.000,0.000,Split  by 0.00
PDHD,Analysis-Data,CPU,US,MHr,1.134,1.134,1.134,1.134,1.134,0.000,0.000,0.000,0.000,Split  by 0.40
PDHD,Analysis-Data,CPU,CERN,MHr,0.283,0.283,0.283,0.283,0.283,0.000,0.000,0.000,0.000,Split  by 0.10
PDHD,Analysis-Data,CPU,Global,MHr,1.417,1.417,1.417,1.417,1.417,0.000,0.000,0.000,0.000,Split  by 0.50
PDHD,Analysis-Data,CPU kHS23-Yr,US,kHS23-Yr,2.033,2.033,2.033,2.033,2.033,0.000,0.000,0.000,0.000,Split  by 0.40
PDHD,Analysis-Data,CPU kHS23-Yr,CERN,kHS23-Yr,0.508,0.508,0.508,0.508,0.508,0.000,0.000,0.000,0.000,Split  by 0.10
PDHD,Analysis-Data,CPU kHS23-Yr,Global,kHS23-Yr,2.542,2.542,2.542,2.542,2.542,0.000,0.000,0.000,0.000,Split  by 0.50
PDHD,Analysis-Data,CPU Cores,US,Cores,184.860,184.860,184.860,184.860,184.860,0.000,0.000,0.000,0.000,Split  by 0.40
PDHD,Analysis-Data,CPU Cores,CERN,Cores,46.215,46.215,46.215,46.215,46.215,0.000,0.000,0.000,0.000,Split  by 0.10
PDHD,Analysis-Data,CPU Cores,Global,Cores,231.075,231.075,231.075,231.075,231.075,0.000,0.000,0.000,0.000,Split  by 0.50
PDHD,Analysis-Sim,CPU,US,MHr,0.390,0.750,0.750,0.750,0.750,0.750,0.000,0.000,0.000,Split  by 0.40
PDHD,Analysis-Sim,CPU,CERN,MHr,0.098,0.188,0.188,0.188,0.188,0.188,0.000,0.000,0.000,Split  by 0.10
PDHD,Analysis-Sim,CPU,Global,MHr,0.488,0.938,0.938,0.938,0.938,0.938,0.000,0.000,0.000,Split  by 0.50
PDHD,Analysis-Sim,CPU kHS23-Yr,US,kHS23-Yr,0.700,1.345,1.345,1.345,1.345,1.345,0.000,0.000,0.000,Split  by 0.40
PDHD,Analysis-Sim,CPU kHS23-Yr,CERN,kHS23-Yr,0.175,0.336,0.336,0.336,0.336,0.336,0.000,0.000,0.000,Split  by 0.10
PDHD,Analysis-Sim,CPU kHS23-Yr,Global,kHS23-Yr,0.875,1.682,1.682,1.682,1.682,1.682,0.000,0.000,0.000,Split  by 0.50
PDHD,Analysis-Sim,CPU Cores,US,Cores,63.601,122.309,122.309,122.309,122.309,122.309,0.000,0.000,0.000,Split  by 0.40
PDHD,Analysis-Sim,CPU Cores,CERN,Cores,15.900,30.577,30.577,30.577,30.577,30.577,0.000,0.000,0.000,Split  by 0.10
PDHD,Analysis-Sim,CPU Cores,Global,Cores,79.501,152.886,152.886,152.886,152.886,152.886,0.000,0.000,0.000,Split  by 0.50
PDVD,Raw-Data,Tape,US,TB,561.000,3300.000,561.000,0.000,0.000,0.000,0.000,0.000,0.000,Split  by 0.50
PDVD,Raw-Data,Tape,CERN,TB,561.000,3300.000,561.000,0.000,0.000,0.000,0.000,0.000,0.000,Split  by 0.50
PDVD,Raw-Data,Tape,Global,TB,0.000,0.000,0.000,0.000,0.000,0.000,0.000,0.000,0.000,Split  by 0.00
PDVD,Raw-Data,Disk,US,TB,280.500,1650.000,280.500,0.000,0.000,0.000,0.000,0.000,0.000,Split  by 0.50
PDVD,Raw-Data,Disk,CERN,TB,280.500,1650.000,280.500,0.000,0.000,0.000,0.000,0.000,0.000,Split  by 0.50
PDVD,Raw-Data,Disk,Global,TB,0.000,0.000,0.000,0.000,0.000,0.000,0.000,0.000,0.000,Split  by 0.00
PDVD,TP,Tape,US,TB,0.000,500.000,0.000,0.000,0.000,0.000,0.000,0.000,0.000,Split  by 0.50
PDVD,TP,Tape,CERN,TB,0.000,500.000,0.000,0.000,0.000,0.000,0.000,0.000,0.000,Split  by 0.50
PDVD,TP,Tape,Global,TB,0.000,0.000,0.000,0.000,0.000,0.000,0.000,0.000,0.000,Split  by 0.00
PDVD,TP,Disk,US,TB,0.000,500.000,0.000,0.000,0.000,0.000,0.000,0.000,0.000,Split  by 0.50
PDVD,TP,Disk,CERN,TB,0.000,500.000,0.000,0.000,0.000,0.000,0.000,0.000,0.000,Split  by 0.50
PDVD,TP,Disk,Global,TB,0.000,0.000,0.000,0.000,0.000,0.000,0.000,0.000,0.000,Split  by 0.00
PDVD,Reco-Sim,Tape,US,TB,40.920,1122.000,1122.000,1122.000,0.000,0.000,0.000,0.000,0.000,Split  by 1.00
PDVD,Reco-Sim,Tape,CERN,TB,0.000,0.000,0.000,0.000,0.000,0.000,0.000,0.000,0.000,Split  by 0.00
PDVD,Reco-Sim,Tape,Global,TB,0.000,0.000,0.000,0.000,0.000,0.000,0.000,0.000,0.000,Split  by 0.00
PDVD,Reco-Sim,Disk,US,TB,15.345,420.750,420.750,420.750,0.000,0.000,0.000,0.000,0.000,Split  by 0.25
PDVD,Reco-Sim,Disk,CERN,TB,0.000,0.000,0.000,0.000,0.000,0.000,0.000,0.000,0.000,Split  by 0.00
PDVD,Reco-Sim,Disk,Global,TB,46.035,1262.250,1262.250,1262.250,0.000,0.000,0.000,0.000,0.000,Split  by 0.75
PDVD,Reco-Sim,CPU,US,MHr,0.056,1.530,1.530,1.530,0.000,0.000,0.000,0.000,0.000,Split  by 0.40
PDVD,Reco-Sim,CPU,CERN,MHr,0.014,0.383,0.383,0.383,0.000,0.000,0.000,0.000,0.000,Split  by 0.10
PDVD,Reco-Sim,CPU,Global,MHr,0.070,1.912,1.912,1.912,0.000,0.000,0.000,0.000,0.000,Split  by 0.50
PDVD,Reco-Sim,CPU kHS23-Yr,US,kHS23-Yr,0.100,2.745,2.745,2.745,0.000,0.000,0.000,0.000,0.000,Split  by 0.40
PDVD,Reco-Sim,CPU kHS23-Yr,CERN,kHS23-Yr,0.025,0.686,0.686,0.686,0.000,0.000,0.000,0.000,0.000,Split  by 0.10
PDVD,Reco-Sim,CPU kHS23-Yr,Global,kHS23-Yr,0.125,3.431,3.431,3.431,0.000,0.000,0.000,0.000,0.000,Split  by 0.50
PDVD,Reco-Sim,CPU Cores,US,Cores,9.100,249.511,249.511,249.511,0.000,0.000,0.000,0.000,0.000,Split  by 0.40
PDVD,Reco-Sim,CPU Cores,CERN,Cores,2.275,62.378,62.378,62.378,0.000,0.000,0.000,0.000,0.000,Split  by 0.10
PDVD,Reco-Sim,CPU Cores,Global,Cores,11.375,311.888,311.888,311.888,0.000,0.000,0.000,0.000,0.000,Split  by 0.50
PDVD,Reco-Data,Tape,US,TB,102.000,702.000,804.000,702.000,102.000,0.000,0.000,0.000,0.000,Split  by 1.00
PDVD,Reco-Data,Tape,CERN,TB,0.000,0.000,0.000,0.000,0.000,0.000,0.000,0.000,0.000,Split  by 0.00
PDVD,Reco-Data,Tape,Global,TB,0.000,0.000,0.000,0.000,0.000,0.000,0.000,0.000,0.000,Split  by 0.00
PDVD,Reco-Data,Disk,US,TB,51.000,351.000,402.000,351.000,51.000,0.000,0.000,0.000,0.000,Split  by 0.25
PDVD,Reco-Data,Disk,CERN,TB,0.000,0.000,0.000,0.000,0.000,0.000,0.000,0.000,0.000,Split  by 0.00
PDVD,Reco-Data,Disk,Global,TB,153.000,1053.000,1206.000,1053.000,153.000,0.000,0.000,0.000,0.000,Split  by 0.75
PDVD,Reco-Data,CPU,US,MHr,0.340,2.340,2.681,2.340,0.340,0.000,0.000,0.000,0.000,Split  by 0.40
PDVD,Reco-Data,CPU,CERN,MHr,0.085,0.585,0.670,0.585,0.085,0.000,0.000,0.000,0.000,Split  by 0.10
PDVD,Reco-Data,CPU,Global,MHr,0.425,2.926,3.351,2.926,0.425,0.000,0.000,0.000,0.000,Split  by 0.50
PDVD,Reco-Data,CPU kHS23-Yr,US,kHS23-Yr,0.610,4.198,4.809,4.198,0.610,0.000,0.000,0.000,0.000,Split  by 0.40
PDVD,Reco-Data,CPU kHS23-Yr,CERN,kHS23-Yr,0.153,1.050,1.202,1.050,0.153,0.000,0.000,0.000,0.000,Split  by 0.10
PDVD,Reco-Data,CPU kHS23-Yr,Global,kHS23-Yr,0.763,5.248,6.011,5.248,0.763,0.000,0.000,0.000,0.000,Split  by 0.50
PDVD,Reco-Data,CPU Cores,US,Cores,55.458,381.681,437.139,381.681,55.458,0.000,0.000,0.000,0.000,Split  by 0.40
PDVD,Reco-Data,CPU Cores,CERN,Cores,13.864,95.420,109.285,95.420,13.864,0.000,0.000,0.000,0.000,Split  by 0.10
PDVD,Reco-Data,CPU Cores,Global,Cores,69.322,477.101,546.424,477.101,69.322,0.000,0.000,0.000,0.000,Split  by 0.50
PDVD,Test,Tape,US,TB,0.100,250.000,250.000,0.000,0.000,0.000,0.000,0.000,0.000,Split  by 0.50
PDVD,Test,Tape,CERN,TB,0.100,250.000,250.000,0.000,0.000,0.000,0.000,0.000,0.000,Split  by 0.50
PDVD,Test,Tape,Global,TB,0.000,0.000,0.000,0.000,0.000,0.000,0.000,0.000,0.000,Split  by 0.00
PDVD,Test,Disk,US,TB,0.100,250.000,250.000,0.000,0.000,0.000,0.000,0.000,0.000,Split  by 0.50
PDVD,Test,Disk,CERN,TB,0.100,250.000,250.000,0.000,0.000,0.000,0.000,0.000,0.000,Split  by 0.50
PDVD,Test,Disk,Global,TB,0.000,0.000,0.000,0.000,0.000,0.000,0.000,0.000,0.000,Split  by 0.00
PDVD,Analysis-Data,CPU,US,MHr,0.170,1.170,1.340,1.340,1.340,1.340,1.340,0.000,0.000,Split  by 0.40
PDVD,Analysis-Data,CPU,CERN,MHr,0.043,0.293,0.335,0.335,0.335,0.335,0.335,0.000,0.000,Split  by 0.10
PDVD,Analysis-Data,CPU,Global,MHr,0.213,1.463,1.675,1.675,1.675,1.675,1.675,0.000,0.000,Split  by 0.50
PDVD,Analysis-Data,CPU kHS23-Yr,US,kHS23-Yr,0.305,2.099,2.404,2.404,2.404,2.404,2.404,0.000,0.000,Split  by 0.40
PDVD,Analysis-Data,CPU kHS23-Yr,CERN,kHS23-Yr,0.076,0.525,0.601,0.601,0.601,0.601,0.601,0.000,0.000,Split  by 0.10
PDVD,Analysis-Data,CPU kHS23-Yr,Global,kHS23-Yr,0.381,2.624,3.005,3.005,3.005,3.005,3.005,0.000,0.000,Split  by 0.50
PDVD,Analysis-Data,CPU Cores,US,Cores,27.729,190.841,218.569,218.569,218.569,218.569,218.569,0.000,0.000,Split  by 0.40
PDVD,Analysis-Data,CPU Cores,CERN,Cores,6.932,47.710,54.642,54.642,54.642,54.642,54.642,0.000,0.000,Split  by 0.10
PDVD,Analysis-Data,CPU Cores,Global,Cores,34.661,238.551,273.212,273.212,273.212,273.212,273.212,0.000,0.000,Split  by 0.50
PDVD,Analysis-Sim,CPU,US,MHr,0.028,0.765,0.765,0.765,0.765,0.765,0.000,0.000,0.000,Split  by 0.40
PDVD,Analysis-Sim,CPU,CERN,MHr,0.007,0.191,0.191,0.191,0.191,0.191,0.000,0.000,0.000,Split  by 0.10
PDVD,Analysis-Sim,CPU,Global,MHr,0.035,0.956,0.956,0.956,0.956,0.956,0.000,0.000,0.000,Split  by 0.50
PDVD,Analysis-Sim,CPU kHS23-Yr,US,kHS23-Yr,0.050,1.372,1.372,1.372,1.372,1.372,0.000,0.000,0.000,Split  by 0.40
PDVD,Analysis-Sim,CPU kHS23-Yr,CERN,kHS23-Yr,0.013,0.343,0.343,0.343,0.343,0.343,0.000,0.000,0.000,Split  by 0.10
PDVD,Analysis-Sim,CPU kHS23-Yr,Global,kHS23-Yr,0.063,1.715,1.715,1.715,1.715,1.715,0.000,0.000,0.000,Split  by 0.50
PDVD,Analysis-Sim,CPU Cores,US,Cores,4.550,124.755,124.755,124.755,124.755,124.755,0.000,0.000,0.000,Split  by 0.40
PDVD,Analysis-Sim,CPU Cores,CERN,Cores,1.137,31.189,31.189,31.189,31.189,31.189,0.000,0.000,0.000,Split  by 0.10
PDVD,Analysis-Sim,CPU Cores,Global,Cores,5.687,155.944,155.944,155.944,155.944,155.944,0.000,0.000,0.000,Split  by 0.50
FDVD,Raw-Data,Tape,US,TB,0.000,0.000,0.000,0.000,0.000,0.000,16036.446,14251.012,14251.012,Split  by 0.50
FDVD,Raw-Data,Tape,CERN,TB,0.000,0.000,0.000,0.000,0.000,0.000,0.000,0.000,0.000,Split  by 0.00
FDVD,Raw-Data,Tape,Global,TB,0.000,0.000,0.000,0.000,0.000,0.000,16036.446,14251.012,14251.012,Split  by 0.50
FDVD,Raw-Data,Disk,US,TB,0.000,0.000,0.000,0.000,0.000,0.000,8018.223,7125.506,7125.506,Split  by 0.50
FDVD,Raw-Data,Disk,CERN,TB,0.000,0.000,0.000,0.000,0.000,0.000,0.000,0.000,0.000,Split  by 0.00
FDVD,Raw-Data,Disk,Global,TB,0.000,0.000,0.000,0.000,0.000,0.000,8018.223,7125.506,7125.506,Split  by 0.50
FDVD,TP,Tape,US,TB,0.000,0.000,0.000,1550.000,1550.000,1550.000,1412.301,1255.061,1255.061,Split  by 0.50
FDVD,TP,Tape,CERN,TB,0.000,0.000,0.000,0.000,0.000,0.000,0.000,0.000,0.000,Split  by 0.00
FDVD,TP,Tape,Global,TB,0.000,0.000,0.000,1550.000,1550.000,1550.000,1412.301,1255.061,1255.061,Split  by 0.50
FDVD,TP,Disk,US,TB,0.000,0.000,0.000,1550.000,1550.000,1550.000,1412.301,1255.061,1255.061,Split  by 0.50
FDVD,TP,Disk,CERN,TB,0.000,0.000,0.000,0.000,0.000,0.000,0.000,0.000,0.000,Split  by 0.00
FDVD,TP,Disk,Global,TB,0.000,0.000,0.000,1550.000,1550.000,1550.000,1412.301,1255.061,1255.061,Split  by 0.50
FDVD,Reco-Sim,Tape,US,TB,108.360,150.000,150.000,150.000,1050.000,420.000,420.000,420.000,420.000,Split  by 0.50
FDVD,Reco-Sim,Tape,CERN,TB,0.000,0.000,0.000,0.000,0.000,0.000,0.000,0.000,0.000,Split  by 0.00
FDVD,Reco-Sim,Tape,Global,TB,108.360,150.000,150.000,150.000,1050.000,420.000,420.000,420.000,420.000,Split  by 0.50
FDVD,Reco-Sim,Disk,US,TB,81.270,112.500,112.500,112.500,787.500,315.000,315.000,315.000,315.000,Split  by 0.25
FDVD,Reco-Sim,Disk,CERN,TB,0.000,0.000,0.000,0.000,0.000,0.000,0.000,0.000,0.000,Split  by 0.00
FDVD,Reco-Sim,Disk,Global,TB,243.810,337.500,337.500,337.500,2362.500,945.000,945.000,945.000,945.000,Split  by 0.75
FDVD,Reco-Sim,CPU,US,MHr,0.677,0.938,0.938,0.938,6.562,2.625,2.625,2.625,2.625,Split  by 0.50
FDVD,Reco-Sim,CPU,CERN,MHr,0.000,0.000,0.000,0.000,0.000,0.000,0.000,0.000,0.000,Split  by 0.00
FDVD,Reco-Sim,CPU,Global,MHr,0.677,0.938,0.938,0.938,6.562,2.625,2.625,2.625,2.625,Split  by 0.50
FDVD,Reco-Sim,CPU kHS23-Yr,US,kHS23-Yr,1.215,1.682,1.682,1.682,11.772,4.709,4.709,4.709,4.709,Split  by 0.50
FDVD,Reco-Sim,CPU kHS23-Yr,CERN,kHS23-Yr,0.000,0.000,0.000,0.000,0.000,0.000,0.000,0.000,0.000,Split  by 0.00
FDVD,Reco-Sim,CPU kHS23-Yr,Global,kHS23-Yr,1.215,1.682,1.682,1.682,11.772,4.709,4.709,4.709,4.709,Split  by 0.50
FDVD,Reco-Sim,CPU Cores,US,Cores,110.445,152.886,152.886,152.886,1070.205,428.082,428.082,428.082,428.082,Split  by 0.50
FDVD,Reco-Sim,CPU Cores,CERN,Cores,0.000,0.000,0.000,0.000,0.000,0.000,0.000,0.000,0.000,Split  by 0.00
FDVD,Reco-Sim,CPU Cores,Global,Cores,110.445,152.886,152.886,152.886,1070.205,428.082,428.082,428.082,428.082,Split  by 0.50
FDVD,Reco-Data,Tape,US,TB,0.000,0.000,0.000,0.000,0.000,0.000,22.000,44.000,66.000,Split  by 0.50
FDVD,Reco-Data,Tape,CERN,TB,0.000,0.000,0.000,0.000,0.000,0.000,0.000,0.000,0.000,Split  by 0.00
FDVD,Reco-Data,Tape,Global,TB,0.000,0.000,0.000,0.000,0.000,0.000,22.000,44.000,66.000,Split  by 0.50
FDVD,Reco-Data,Disk,US,TB,0.000,0.000,0.000,0.000,0.000,0.000,22.000,44.000,66.000,Split  by 0.25
FDVD,Reco-Data,Disk,CERN,TB,0.000,0.000,0.000,0.000,0.000,0.000,0.000,0.000,0.000,Split  by 0.00
FDVD,Reco-Data,Disk,Global,TB,0.000,0.000,0.000,0.000,0.000,0.000,66.000,132.000,198.000,Split  by 0.75
FDVD,Reco-Data,CPU,US,MHr,0.000,0.000,0.000,0.000,0.000,0.000,1.463,2.926,4.389,Split  by 0.50
FDVD,Reco-Data,CPU,CERN,MHr,0.000,0.000,0.000,0.000,0.000,0.000,0.000,0.000,0.000,Split  by 0.00
FDVD,Reco-Data,CPU,Global,MHr,0.000,0.000,0.000,0.000,0.000,0.000,1.463,2.926,4.389,Split  by 0.50
FDVD,Reco-Data,CPU kHS23-Yr,US,kHS23-Yr,0.000,0.000,0.000,0.000,0.000,0.000,2.624,5.249,7.873,Split  by 0.50
FDVD,Reco-Data,CPU kHS23-Yr,CERN,kHS23-Yr,0.000,0.000,0.000,0.000,0.000,0.000,0.000,0.000,0.000,Split  by 0.00
FDVD,Reco-Data,CPU kHS23-Yr,Global,kHS23-Yr,0.000,0.000,0.000,0.000,0.000,0.000,2.624,5.249,7.873,Split  by 0.50
FDVD,Reco-Data,CPU Cores,US,Cores,0.000,0.000,0.000,0.000,0.000,0.000,238.584,477.169,715.753,Split  by 0.50
FDVD,Reco-Data,CPU Cores,CERN,Cores,0.000,0.000,0.000,0.000,0.000,0.000,0.000,0.000,0.000,Split  by 0.00
FDVD,Reco-Data,CPU Cores,Global,Cores,0.000,0.000,0.000,0.000,0.000,0.000,238.584,477.169,715.753,Split  by 0.50
FDVD,Test,Tape,US,TB,0.000,0.000,0.000,1300.000,4200.000,1300.000,1184.510,1052.632,1052.632,Split  by 0.50
FDVD,Test,Tape,CERN,TB,0.000,0.000,0.000,0.000,0.000,0.000,0.000,0.000,0.000,Split  by 0.00
FDVD,Test,Tape,Global,TB,0.000,0.000,0.000,1300.000,4200.000,1300.000,1184.510,1052.632,1052.632,Split  by 0.50
FDVD,Test,Disk,US,TB,0.000,0.000,0.000,1300.000,4200.000,1300.000,1184.510,1052.632,1052.632,Split  by 0.50
FDVD,Test,Disk,CERN,TB,0.000,0.000,0.000,0.000,0.000,0.000,0.000,0.000,0.000,Split  by 0.00
FDVD,Test,Disk,Global,TB,0.000,0.000,0.000,1300.000,4200.000,1300.000,1184.510,1052.632,1052.632,Split  by 0.50
FDVD,Analysis-Data,CPU,US,MHr,0.000,0.000,0.000,0.000,0.000,0.000,0.732,1.463,2.195,Split  by 0.50
FDVD,Analysis-Data,CPU,CERN,MHr,0.000,0.000,0.000,0.000,0.000,0.000,0.000,0.000,0.000,Split  by 0.00
FDVD,Analysis-Data,CPU,Global,MHr,0.000,0.000,0.000,0.000,0.000,0.000,0.732,1.463,2.195,Split  by 0.50
FDVD,Analysis-Data,CPU kHS23-Yr,US,kHS23-Yr,0.000,0.000,0.000,0.000,0.000,0.000,1.312,2.624,3.937,Split  by 0.50
FDVD,Analysis-Data,CPU kHS23-Yr,CERN,kHS23-Yr,0.000,0.000,0.000,0.000,0.000,0.000,0.000,0.000,0.000,Split  by 0.00
FDVD,Analysis-Data,CPU kHS23-Yr,Global,kHS23-Yr,0.000,0.000,0.000,0.000,0.000,0.000,1.312,2.624,3.937,Split  by 0.50
FDVD,Analysis-Data,CPU Cores,US,Cores,0.000,0.000,0.000,0.000,0.000,0.000,119.292,238.584,357.877,Split  by 0.50
FDVD,Analysis-Data,CPU Cores,CERN,Cores,0.000,0.000,0.000,0.000,0.000,0.000,0.000,0.000,0.000,Split  by 0.00
FDVD,Analysis-Data,CPU Cores,Global,Cores,0.000,0.000,0.000,0.000,0.000,0.000,119.292,238.584,357.877,Split  by 0.50
FDVD,Analysis-Sim,CPU,US,MHr,0.339,0.469,0.469,0.469,3.281,3.281,3.281,3.281,3.281,Split  by 0.50
FDVD,Analysis-Sim,CPU,CERN,MHr,0.000,0.000,0.000,0.000,0.000,0.000,0.000,0.000,0.000,Split  by 0.00
FDVD,Analysis-Sim,CPU,Global,MHr,0.339,0.469,0.469,0.469,3.281,3.281,3.281,3.281,3.281,Split  by 0.50
FDVD,Analysis-Sim,CPU kHS23-Yr,US,kHS23-Yr,0.607,0.841,0.841,0.841,5.886,5.886,5.886,5.886,5.886,Split  by 0.50
FDVD,Analysis-Sim,CPU kHS23-Yr,CERN,kHS23-Yr,0.000,0.000,0.000,0.000,0.000,0.000,0.000,0.000,0.000,Split  by 0.00
FDVD,Analysis-Sim,CPU kHS23-Yr,Global,kHS23-Yr,0.607,0.841,0.841,0.841,5.886,5.886,5.886,5.886,5.886,Split  by 0.50
FDVD,Analysis-Sim,CPU Cores,US,Cores,55.223,76.443,76.443,76.443,535.103,535.103,535.103,535.103,535.103,Split  by 0.50
FDVD,Analysis-Sim,CPU Cores,CERN,Cores,0.000,0.000,0.000,0.000,0.000,0.000,0.000,0.000,0.000,Split  by 0.00
FDVD,Analysis-Sim,CPU Cores,Global,Cores,55.223,76.443,76.443,76.443,535.103,535.103,535.103,535.103,535.103,Split  by 0.50
FDHD,Raw-Data,Tape,US,TB,0.000,0.000,0.000,0.000,0.000,0.000,3758.542,6680.162,6680.162,Split  by 0.50
FDHD,Raw-Data,Tape,CERN,TB,0.000,0.000,0.000,0.000,0.000,0.000,0.000,0.000,0.000,Split  by 0.00
FDHD,Raw-Data,Tape,Global,TB,0.000,0.000,0.000,0.000,0.000,0.000,3758.542,6680.162,6680.162,Split  by 0.50
FDHD,Raw-Data,Disk,US,TB,0.000,0.000,0.000,0.000,0.000,0.000,1879.271,3340.081,3340.081,Split  by 0.50
FDHD,Raw-Data,Disk,CERN,TB,0.000,0.000,0.000,0.000,0.000,0.000,0.000,0.000,0.000,Split  by 0.00
FDHD,Raw-Data,Disk,Global,TB,0.000,0.000,0.000,0.000,0.000,0.000,1879.271,3340.081,3340.081,Split  by 0.50
FDHD,TP,Tape,US,TB,0.000,0.000,0.000,1500.000,1500.000,1500.000,1366.743,1214.575,1214.575,Split  by 0.50
FDHD,TP,Tape,CERN,TB,0.000,0.000,0.000,0.000,0.000,0.000,0.000,0.000,0.000,Split  by 0.00
FDHD,TP,Tape,Global,TB,0.000,0.000,0.000,1500.000,1500.000,1500.000,1366.743,1214.575,1214.575,Split  by 0.50
FDHD,TP,Disk,US,TB,0.000,0.000,0.000,1500.000,1500.000,1500.000,1366.743,1214.575,1214.575,Split  by 0.50
FDHD,TP,Disk,CERN,TB,0.000,0.000,0.000,0.000,0.000,0.000,0.000,0.000,0.000,Split  by 0.00
FDHD,TP,Disk,Global,TB,0.000,0.000,0.000,1500.000,1500.000,1500.000,1366.743,1214.575,1214.575,Split  by 0.50
FDHD,Reco-Sim,Tape,US,TB,226.290,150.000,150.000,150.000,1000.000,400.000,400.000,400.000,400.000,Split  by 0.50
FDHD,Reco-Sim,Tape,CERN,TB,0.000,0.000,0.000,0.000,0.000,0.000,0.000,0.000,0.000,Split  by 0.00
FDHD,Reco-Sim,Tape,Global,TB,226.290,150.000,150.000,150.000,1000.000,400.000,400.000,400.000,400.000,Split  by 0.50
FDHD,Reco-Sim,Disk,US,TB,169.718,112.500,112.500,112.500,750.000,300.000,300.000,300.000,300.000,Split  by 0.25
FDHD,Reco-Sim,Disk,CERN,TB,0.000,0.000,0.000,0.000,0.000,0.000,0.000,0.000,0.000,Split  by 0.00
FDHD,Reco-Sim,Disk,Global,TB,509.153,337.500,337.500,337.500,2250.000,900.000,900.000,900.000,900.000,Split  by 0.75
FDHD,Reco-Sim,CPU,US,MHr,1.414,0.938,0.938,0.938,6.250,2.500,2.500,2.500,2.500,Split  by 0.50
FDHD,Reco-Sim,CPU,CERN,MHr,0.000,0.000,0.000,0.000,0.000,0.000,0.000,0.000,0.000,Split  by 0.00
FDHD,Reco-Sim,CPU,Global,MHr,1.414,0.938,0.938,0.938,6.250,2.500,2.500,2.500,2.500,Split  by 0.50
FDHD,Reco-Sim,CPU kHS23-Yr,US,kHS23-Yr,2.537,1.682,1.682,1.682,11.212,4.485,4.485,4.485,4.485,Split  by 0.50
FDHD,Reco-Sim,CPU kHS23-Yr,CERN,kHS23-Yr,0.000,0.000,0.000,0.000,0.000,0.000,0.000,0.000,0.000,Split  by 0.00
FDHD,Reco-Sim,CPU kHS23-Yr,Global,kHS23-Yr,2.537,1.682,1.682,1.682,11.212,4.485,4.485,4.485,4.485,Split  by 0.50
FDHD,Reco-Sim,CPU Cores,US,Cores,230.645,152.886,152.886,152.886,1019.243,407.697,407.697,407.697,407.697,Split  by 0.50
FDHD,Reco-Sim,CPU Cores,CERN,Cores,0.000,0.000,0.000,0.000,0.000,0.000,0.000,0.000,0.000,Split  by 0.00
FDHD,Reco-Sim,CPU Cores,Global,Cores,230.645,152.886,152.886,152.886,1019.243,407.697,407.697,407.697,407.697,Split  by 0.50
FDHD,Reco-Data,Tape,US,TB,0.000,0.000,0.000,0.000,0.000,0.000,11.000,33.000,55.000,Split  by 0.50
FDHD,Reco-Data,Tape,CERN,TB,0.000,0.000,0.000,0.000,0.000,0.000,0.000,0.000,0.000,Split  by 0.00
FDHD,Reco-Data,Tape,Global,TB,0.000,0.000,0.000,0.000,0.000,0.000,11.000,33.000,55.000,Split  by 0.50
FDHD,Reco-Data,Disk,US,TB,0.000,0.000,0.000,0.000,0.000,0.000,11.000,33.000,55.000,Split  by 0.25
FDHD,Reco-Data,Disk,CERN,TB,0.000,0.000,0.000,0.000,0.000,0.000,0.000,0.000,0.000,Split  by 0.00
FDHD,Reco-Data,Disk,Global,TB,0.000,0.000,0.000,0.000,0.000,0.000,33.000,99.000,165.000,Split  by 0.75
FDHD,Reco-Data,CPU,US,MHr,0.000,0.000,0.000,0.000,0.000,0.000,0.688,2.062,3.438,Split  by 0.50
FDHD,Reco-Data,CPU,CERN,MHr,0.000,0.000,0.000,0.000,0.000,0.000,0.000,0.000,0.000,Split  by 0.00
FDHD,Reco-Data,CPU,Global,MHr,0.000,0.000,0.000,0.000,0.000,0.000,0.688,2.062,3.438,Split  by 0.50
FDHD,Reco-Data,CPU kHS23-Yr,US,kHS23-Yr,0.000,0.000,0.000,0.000,0.000,0.000,1.233,3.700,6.166,Split  by 0.50
FDHD,Reco-Data,CPU kHS23-Yr,CERN,kHS23-Yr,0.000,0.000,0.000,0.000,0.000,0.000,0.000,0.000,0.000,Split  by 0.00
FDHD,Reco-Data,CPU kHS23-Yr,Global,kHS23-Yr,0.000,0.000,0.000,0.000,0.000,0.000,1.233,3.700,6.166,Split  by 0.50
FDHD,Reco-Data,CPU Cores,US,Cores,0.000,0.000,0.000,0.000,0.000,0.000,112.117,336.350,560.584,Split  by 0.50
FDHD,Reco-Data,CPU Cores,CERN,Cores,0.000,0.000,0.000,0.000,0.000,0.000,0.000,0.000,0.000,Split  by 0.00
FDHD,Reco-Data,CPU Cores,Global,Cores,0.000,0.000,0.000,0.000,0.000,0.000,112.117,336.350,560.584,Split  by 0.50
FDHD,Test,Tape,US,TB,0.000,0.000,0.000,1250.000,4000.000,1250.000,1138.952,1012.146,1012.146,Split  by 0.50
FDHD,Test,Tape,CERN,TB,0.000,0.000,0.000,0.000,0.000,0.000,0.000,0.000,0.000,Split  by 0.00
FDHD,Test,Tape,Global,TB,0.000,0.000,0.000,1250.000,4000.000,1250.000,1138.952,1012.146,1012.146,Split  by 0.50
FDHD,Test,Disk,US,TB,0.000,0.000,0.000,1250.000,4000.000,1250.000,1138.952,1012.146,1012.146,Split  by 0.50
FDHD,Test,Disk,CERN,TB,0.000,0.000,0.000,0.000,0.000,0.000,0.000,0.000,0.000,Split  by 0.00
FDHD,Test,Disk,Global,TB,0.000,0.000,0.000,1250.000,4000.000,1250.000,1138.952,1012.146,1012.146,Split  by 0.50
FDHD,Analysis-Data,CPU,US,MHr,0.000,0.000,0.000,0.000,0.000,0.000,0.344,1.031,1.719,Split  by 0.50
FDHD,Analysis-Data,CPU,CERN,MHr,0.000,0.000,0.000,0.000,0.000,0.000,0.000,0.000,0.000,Split  by 0.00
FDHD,Analysis-Data,CPU,Global,MHr,0.000,0.000,0.000,0.000,0.000,0.000,0.344,1.031,1.719,Split  by 0.50
FDHD,Analysis-Data,CPU kHS23-Yr,US,kHS23-Yr,0.000,0.000,0.000,0.000,0.000,0.000,0.617,1.850,3.083,Split  by 0.50
FDHD,Analysis-Data,CPU kHS23-Yr,CERN,kHS23-Yr,0.000,0.000,0.000,0.000,0.000,0.000,0.000,0.000,0.000,Split  by 0.00
FDHD,Analysis-Data,CPU kHS23-Yr,Global,kHS23-Yr,0.000,0.000,0.000,0.000,0.000,0.000,0.617,1.850,3.083,Split  by 0.50
FDHD,Analysis-Data,CPU Cores,US,Cores,0.000,0.000,0.000,0.000,0.000,0.000,56.058,168.175,280.292,Split  by 0.50
FDHD,Analysis-Data,CPU Cores,CERN,Cores,0.000,0.000,0.000,0.000,0.000,0.000,0.000,0.000,0.000,Split  by 0.00
FDHD,Analysis-Data,CPU Cores,Global,Cores,0.000,0.000,0.000,0.000,0.000,0.000,56.058,168.175,280.292,Split  by 0.50
FDHD,Analysis-Sim,CPU,US,MHr,0.707,0.469,0.469,0.469,3.125,3.125,3.125,3.125,3.125,Split  by 0.50
FDHD,Analysis-Sim,CPU,CERN,MHr,0.000,0.000,0.000,0.000,0.000,0.000,0.000,0.000,0.000,Split  by 0.00
FDHD,Analysis-Sim,CPU,Global,MHr,0.707,0.469,0.469,0.469,3.125,3.125,3.125,3.125,3.125,Split  by 0.50
FDHD,Analysis-Sim,CPU kHS23-Yr,US,kHS23-Yr,1.269,0.841,0.841,0.841,5.606,5.606,5.606,5.606,5.606,Split  by 0.50
FDHD,Analysis-Sim,CPU kHS23-Yr,CERN,kHS23-Yr,0.000,0.000,0.000,0.000,0.000,0.000,0.000,0.000,0.000,Split  by 0.00
FDHD,Analysis-Sim,CPU kHS23-Yr,Global,kHS23-Yr,1.269,0.841,0.841,0.841,5.606,5.606,5.606,5.606,5.606,Split  by 0.50
FDHD,Analysis-Sim,CPU Cores,US,Cores,115.322,76.443,76.443,76.443,509.622,509.622,509.622,509.622,509.622,Split  by 0.50
FDHD,Analysis-Sim,CPU Cores,CERN,Cores,0.000,0.000,0.000,0.000,0.000,0.000,0.000,0.000,0.000,Split  by 0.00
FDHD,Analysis-Sim,CPU Cores,Global,Cores,115.322,76.443,76.443,76.443,509.622,509.622,509.622,509.622,509.622,Split  by 0.50
ND-SAND,Raw-Data,Tape,US,TB,0.000,0.000,0.000,0.000,0.000,0.000,0.000,0.000,75.000,Split  by 0.50
ND-SAND,Raw-Data,Tape,CERN,TB,0.000,0.000,0.000,0.000,0.000,0.000,0.000,0.000,0.000,Split  by 0.00
ND-SAND,Raw-Data,Tape,Global,TB,0.000,0.000,0.000,0.000,0.000,0.000,0.000,0.000,75.000,Split  by 0.50
ND-SAND,Raw-Data,Disk,US,TB,0.000,0.000,0.000,0.000,0.000,0.000,0.000,0.000,37.500,Split  by 0.50
ND-SAND,Raw-Data,Disk,CERN,TB,0.000,0.000,0.000,0.000,0.000,0.000,0.000,0.000,0.000,Split  by 0.00
ND-SAND,Raw-Data,Disk,Global,TB,0.000,0.000,0.000,0.000,0.000,0.000,0.000,0.000,37.500,Split  by 0.50
ND-SAND,Reco-Sim,Tape,US,TB,0.000,12.500,62.500,62.500,62.500,250.000,375.000,750.000,750.000,Split  by 0.50
ND-SAND,Reco-Sim,Tape,CERN,TB,0.000,0.000,0.000,0.000,0.000,0.000,0.000,0.000,0.000,Split  by 0.00
ND-SAND,Reco-Sim,Tape,Global,TB,0.000,12.500,62.500,62.500,62.500,250.000,375.000,750.000,750.000,Split  by 0.50
ND-SAND,Reco-Sim,Disk,US,TB,0.000,9.375,46.875,46.875,46.875,187.500,281.250,562.500,562.500,Split  by 0.25
ND-SAND,Reco-Sim,Disk,CERN,TB,0.000,0.000,0.000,0.000,0.000,0.000,0.000,0.000,0.000,Split  by 0.00
ND-SAND,Reco-Sim,Disk,Global,TB,0.000,28.125,140.625,140.625,140.625,562.500,843.750,1687.500,1687.500,Split  by 0.75
ND-SAND,Reco-Sim,CPU,US,MHr,0.000,0.120,0.600,0.600,0.600,2.400,3.600,7.200,7.200,Split  by 0.50
ND-SAND,Reco-Sim,CPU,CERN,MHr,0.000,0.000,0.000,0.000,0.000,0.000,0.000,0.000,0.000,Split  by 0.00
ND-SAND,Reco-Sim,CPU,Global,MHr,0.000,0.120,0.600,0.600,0.600,2.400,3.600,7.200,7.200,Split  by 0.50
ND-SAND,Reco-Sim,CPU kHS23-Yr,US,kHS23-Yr,0.000,0.215,1.076,1.076,1.076,4.305,6.458,12.916,12.916,Split  by 0.50
ND-SAND,Reco-Sim,CPU kHS23-Yr,CERN,kHS23-Yr,0.000,0.000,0.000,0.000,0.000,0.000,0.000,0.000,0.000,Split  by 0.00
ND-SAND,Reco-Sim,CPU kHS23-Yr,Global,kHS23-Yr,0.000,0.215,1.076,1.076,1.076,4.305,6.458,12.916,12.916,Split  by 0.50
ND-SAND,Reco-Sim,CPU Cores,US,Cores,0.000,19.569,97.847,97.847,97.847,391.389,587.084,1174.168,1174.168,Split  by 0.50
ND-SAND,Reco-Sim,CPU Cores,CERN,Cores,0.000,0.000,0.000,0.000,0.000,0.000,0.000,0.000,0.000,Split  by 0.00
ND-SAND,Reco-Sim,CPU Cores,Global,Cores,0.000,19.569,97.847,97.847,97.847,391.389,587.084,1174.168,1174.168,Split  by 0.50
ND-SAND,Reco-Data,Tape,US,TB,0.000,0.000,0.000,0.000,0.000,0.000,0.000,0.000,75.000,Split  by 0.50
ND-SAND,Reco-Data,Tape,CERN,TB,0.000,0.000,0.000,0.000,0.000,0.000,0.000,0.000,0.000,Split  by 0.00
ND-SAND,Reco-Data,Tape,Global,TB,0.000,0.000,0.000,0.000,0.000,0.000,0.000,0.000,75.000,Split  by 0.50
ND-SAND,Reco-Data,Disk,US,TB,0.000,0.000,0.000,0.000,0.000,0.000,0.000,0.000,75.000,Split  by 0.25
ND-SAND,Reco-Data,Disk,CERN,TB,0.000,0.000,0.000,0.000,0.000,0.000,0.000,0.000,0.000,Split  by 0.00
ND-SAND,Reco-Data,Disk,Global,TB,0.000,0.000,0.000,0.000,0.000,0.000,0.000,0.000,225.000,Split  by 0.75
ND-SAND,Reco-Data,CPU,US,MHr,0.000,0.000,0.000,0.000,0.000,0.000,0.000,0.000,0.017,Split  by 0.50
ND-SAND,Reco-Data,CPU,CERN,MHr,0.000,0.000,0.000,0.000,0.000,0.000,0.000,0.000,0.000,Split  by 0.00
ND-SAND,Reco-Data,CPU,Global,MHr,0.000,0.000,0.000,0.000,0.000,0.000,0.000,0.000,0.017,Split  by 0.50
ND-SAND,Reco-Data,CPU kHS23-Yr,US,kHS23-Yr,0.000,0.000,0.000,0.000,0.000,0.000,0.000,0.000,0.030,Split  by 0.50
ND-SAND,Reco-Data,CPU kHS23-Yr,CERN,kHS23-Yr,0.000,0.000,0.000,0.000,0.000,0.000,0.000,0.000,0.000,Split  by 0.00
ND-SAND,Reco-Data,CPU kHS23-Yr,Global,kHS23-Yr,0.000,0.000,0.000,0.000,0.000,0.000,0.000,0.000,0.030,Split  by 0.50
ND-SAND,Reco-Data,CPU Cores,US,Cores,0.000,0.000,0.000,0.000,0.000,0.000,0.000,0.000,2.691,Split  by 0.50
ND-SAND,Reco-Data,CPU Cores,CERN,Cores,0.000,0.000,0.000,0.000,0.000,0.000,0.000,0.000,0.000,Split  by 0.00
ND-SAND,Reco-Data,CPU Cores,Global,Cores,0.000,0.000,0.000,0.000,0.000,0.000,0.000,0.000,2.691,Split  by 0.50
ND-SAND,Test,Tape,US,TB,100.000,100.000,100.000,100.000,500.000,500.000,500.000,500.000,250.000,Split  by 0.50
ND-SAND,Test,Tape,CERN,TB,0.000,0.000,0.000,0.000,0.000,0.000,0.000,0.000,0.000,Split  by 0.00
ND-SAND,Test,Tape,Global,TB,100.000,100.000,100.000,100.000,500.000,500.000,500.000,500.000,250.000,Split  by 0.50
ND-SAND,Test,Disk,US,TB,100.000,100.000,100.000,100.000,500.000,500.000,500.000,500.000,250.000,Split  by 0.50
ND-SAND,Test,Disk,CERN,TB,0.000,0.000,0.000,0.000,0.000,0.000,0.000,0.000,0.000,Split  by 0.00
ND-SAND,Test,Disk,Global,TB,100.000,100.000,100.000,100.000,500.000,500.000,500.000,500.000,250.000,Split  by 0.50
ND-SAND,Analysis-Data,CPU,US,MHr,0.000,0.000,0.000,0.000,0.000,0.000,0.000,0.000,0.004,Split  by 0.50
ND-SAND,Analysis-Data,CPU,CERN,MHr,0.000,0.000,0.000,0.000,0.000,0.000,0.000,0.000,0.000,Split  by 0.00
ND-SAND,Analysis-Data,CPU,Global,MHr,0.000,0.000,0.000,0.000,0.000,0.000,0.000,0.000,0.004,Split  by 0.50
ND-SAND,Analysis-Data,CPU kHS23-Yr,US,kHS23-Yr,0.000,0.000,0.000,0.000,0.000,0.000,0.000,0.000,0.007,Split  by 0.50
ND-SAND,Analysis-Data,CPU kHS23-Yr,CERN,kHS23-Yr,0.000,0.000,0.000,0.000,0.000,0.000,0.000,0.000,0.000,Split  by 0.00
ND-SAND,Analysis-Data,CPU kHS23-Yr,Global,kHS23-Yr,0.000,0.000,0.000,0.000,0.000,0.000,0.000,0.000,0.007,Split  by 0.50
ND-SAND,Analysis-Data,CPU Cores,US,Cores,0.000,0.000,0.000,0.000,0.000,0.000,0.000,0.000,0.673,Split  by 0.50
ND-SAND,Analysis-Data,CPU Cores,CERN,Cores,0.000,0.000,0.000,0.000,0.000,0.000,0.000,0.000,0.000,Split  by 0.00
ND-SAND,Analysis-Data,CPU Cores,Global,Cores,0.000,0.000,0.000,0.000,0.000,0.000,0.000,0.000,0.673,Split  by 0.50
ND-SAND,Analysis-Sim,CPU,US,MHr,0.000,0.030,0.150,0.150,0.150,0.600,0.900,1.800,1.800,Split  by 0.50
ND-SAND,Analysis-Sim,CPU,CERN,MHr,0.000,0.000,0.000,0.000,0.000,0.000,0.000,0.000,0.000,Split  by 0.00
ND-SAND,Analysis-Sim,CPU,Global,MHr,0.000,0.030,0.150,0.150,0.150,0.600,0.900,1.800,1.800,Split  by 0.50
ND-SAND,Analysis-Sim,CPU kHS23-Yr,US,kHS23-Yr,0.000,0.054,0.269,0.269,0.269,1.076,1.614,3.229,3.229,Split  by 0.50
ND-SAND,Analysis-Sim,CPU kHS23-Yr,CERN,kHS23-Yr,0.000,0.000,0.000,0.000,0.000,0.000,0.000,0.000,0.000,Split  by 0.00
ND-SAND,Analysis-Sim,CPU kHS23-Yr,Global,kHS23-Yr,0.000,0.054,0.269,0.269,0.269,1.076,1.614,3.229,3.229,Split  by 0.50
ND-SAND,Analysis-Sim,CPU Cores,US,Cores,0.000,4.892,24.462,24.462,24.462,97.847,146.771,293.542,293.542,Split  by 0.50
ND-SAND,Analysis-Sim,CPU Cores,CERN,Cores,0.000,0.000,0.000,0.000,0.000,0.000,0.000,0.000,0.000,Split  by 0.00
ND-SAND,Analysis-Sim,CPU Cores,Global,Cores,0.000,4.892,24.462,24.462,24.462,97.847,146.771,293.542,293.542,Split  by 0.50
ND-LAr+TMS,Raw-Data,Tape,US,TB,0.000,0.000,0.000,0.000,0.000,0.000,0.000,0.000,150.000,Split  by 0.50
ND-LAr+TMS,Raw-Data,Tape,CERN,TB,0.000,0.000,0.000,0.000,0.000,0.000,0.000,0.000,0.000,Split  by 0.00
ND-LAr+TMS,Raw-Data,Tape,Global,TB,0.000,0.000,0.000,0.000,0.000,0.000,0.000,0.000,150.000,Split  by 0.50
ND-LAr+TMS,Raw-Data,Disk,US,TB,0.000,0.000,0.000,0.000,0.000,0.000,0.000,0.000,75.000,Split  by 0.50
ND-LAr+TMS,Raw-Data,Disk,CERN,TB,0.000,0.000,0.000,0.000,0.000,0.000,0.000,0.000,0.000,Split  by 0.00
ND-LAr+TMS,Raw-Data,Disk,Global,TB,0.000,0.000,0.000,0.000,0.000,0.000,0.000,0.000,75.000,Split  by 0.50
ND-LAr+TMS,Reco-Sim,Tape,US,TB,0.000,25.000,125.000,125.000,125.000,125.000,125.000,1500.000,1500.000,Split  by 0.50
ND-LAr+TMS,Reco-Sim,Tape,CERN,TB,0.000,0.000,0.000,0.000,0.000,0.000,0.000,0.000,0.000,Split  by 0.00
ND-LAr+TMS,Reco-Sim,Tape,Global,TB,0.000,25.000,125.000,125.000,125.000,125.000,125.000,1500.000,1500.000,Split  by 0.50
ND-LAr+TMS,Reco-Sim,Disk,US,TB,0.000,18.750,93.750,93.750,93.750,93.750,93.750,1125.000,1125.000,Split  by 0.25
ND-LAr+TMS,Reco-Sim,Disk,CERN,TB,0.000,0.000,0.000,0.000,0.000,0.000,0.000,0.000,0.000,Split  by 0.00
ND-LAr+TMS,Reco-Sim,Disk,Global,TB,0.000,56.250,281.250,281.250,281.250,281.250,281.250,3375.000,3375.000,Split  by 0.75
ND-LAr+TMS,Reco-Sim,CPU,US,MHr,0.000,2.300,11.500,11.500,11.500,11.500,11.500,138.000,138.000,Split  by 0.50
ND-LAr+TMS,Reco-Sim,CPU,CERN,MHr,0.000,0.000,0.000,0.000,0.000,0.000,0.000,0.000,0.000,Split  by 0.00
ND-LAr+TMS,Reco-Sim,CPU,Global,MHr,0.000,2.300,11.500,11.500,11.500,11.500,11.500,138.000,138.000,Split  by 0.50
ND-LAr+TMS,Reco-Sim,CPU kHS23-Yr,US,kHS23-Yr,0.000,4.126,20.629,20.629,20.629,20.629,20.629,247.554,247.554,Split  by 0.50
ND-LAr+TMS,Reco-Sim,CPU kHS23-Yr,CERN,kHS23-Yr,0.000,0.000,0.000,0.000,0.000,0.000,0.000,0.000,0.000,Split  by 0.00
ND-LAr+TMS,Reco-Sim,CPU kHS23-Yr,Global,kHS23-Yr,0.000,4.126,20.629,20.629,20.629,20.629,20.629,247.554,247.554,Split  by 0.50
ND-LAr+TMS,Reco-Sim,CPU Cores,US,Cores,0.000,375.082,1875.408,1875.408,1875.408,1875.408,1875.408,22504.892,22504.892,Split  by 0.50
ND-LAr+TMS,Reco-Sim,CPU Cores,CERN,Cores,0.000,0.000,0.000,0.000,0.000,0.000,0.000,0.000,0.000,Split  by 0.00
ND-LAr+TMS,Reco-Sim,CPU Cores,Global,Cores,0.000,375.082,1875.408,1875.408,1875.408,1875.408,1875.408,22504.892,22504.892,Split  by 0.50
ND-LAr+TMS,Reco-Data,Tape,US,TB,0.000,0.000,0.000,0.000,0.000,0.000,0.000,0.000,150.000,Split  by 0.50
ND-LAr+TMS,Reco-Data,Tape,CERN,TB,0.000,0.000,0.000,0.000,0.000,0.000,0.000,0.000,0.000,Split  by 0.00
ND-LAr+TMS,Reco-Data,Tape,Global,TB,0.000,0.000,0.000,0.000,0.000,0.000,0.000,0.000,150.000,Split  by 0.50
ND-LAr+TMS,Reco-Data,Disk,US,TB,0.000,0.000,0.000,0.000,0.000,0.000,0.000,0.000,150.000,Split  by 0.25
ND-LAr+TMS,Reco-Data,Disk,CERN,TB,0.000,0.000,0.000,0.000,0.000,0.000,0.000,0.000,0.000,Split  by 0.00
ND-LAr+TMS,Reco-Data,Disk,Global,TB,0.000,0.000,0.000,0.000,0.000,0.000,0.000,0.000,450.000,Split  by 0.75
ND-LAr+TMS,Reco-Data,CPU,US,MHr,0.000,0.000,0.000,0.000,0.000,0.000,0.000,0.000,5.700,Split  by 0.50
ND-LAr+TMS,Reco-Data,CPU,CERN,MHr,0.000,0.000,0.000,0.000,0.000,0.000,0.000,0.000,0.000,Split  by 0.00
ND-LAr+TMS,Reco-Data,CPU,Global,MHr,0.000,0.000,0.000,0.000,0.000,0.000,0.000,0.000,5.700,Split  by 0.50
ND-LAr+TMS,Reco-Data,CPU kHS23-Yr,US,kHS23-Yr,0.000,0.000,0.000,0.000,0.000,0.000,0.000,0.000,10.225,Split  by 0.50
ND-LAr+TMS,Reco-Data,CPU kHS23-Yr,CERN,kHS23-Yr,0.000,0.000,0.000,0.000,0.000,0.000,0.000,0.000,0.000,Split  by 0.00
ND-LAr+TMS,Reco-Data,CPU kHS23-Yr,Global,kHS23-Yr,0.000,0.000,0.000,0.000,0.000,0.000,0.000,0.000,10.225,Split  by 0.50
ND-LAr+TMS,Reco-Data,CPU Cores,US,Cores,0.000,0.000,0.000,0.000,0.000,0.000,0.000,0.000,929.550,Split  by 0.50
ND-LAr+TMS,Reco-Data,CPU Cores,CERN,Cores,0.000,0.000,0.000,0.000,0.000,0.000,0.000,0.000,0.000,Split  by 0.00
ND-LAr+TMS,Reco-Data,CPU Cores,Global,Cores,0.000,0.000,0.000,0.000,0.000,0.000,0.000,0.000,929.550,Split  by 0.50
ND-LAr+TMS,Test,Tape,US,TB,50.000,500.000,500.000,500.000,500.000,500.000,500.000,500.000,250.000,Split  by 0.50
ND-LAr+TMS,Test,Tape,CERN,TB,0.000,0.000,0.000,0.000,0.000,0.000,0.000,0.000,0.000,Split  by 0.00
ND-LAr+TMS,Test,Tape,Global,TB,50.000,500.000,500.000,500.000,500.000,500.000,500.000,500.000,250.000,Split  by 0.50
ND-LAr+TMS,Test,Disk,US,TB,50.000,500.000,500.000,500.000,500.000,500.000,500.000,500.000,250.000,Split  by 0.50
ND-LAr+TMS,Test,Disk,CERN,TB,0.000,0.000,0.000,0.000,0.000,0.000,0.000,0.000,0.000,Split  by 0.00
ND-LAr+TMS,Test,Disk,Global,TB,50.000,500.000,500.000,500.000,500.000,500.000,500.000,500.000,250.000,Split  by 0.50
ND-LAr+TMS,Analysis-Data,CPU,US,MHr,0.000,0.000,0.000,0.000,0.000,0.000,0.000,0.000,1.425,Split  by 0.50
ND-LAr+TMS,Analysis-Data,CPU,CERN,MHr,0.000,0.000,0.000,0.000,0.000,0.000,0.000,0.000,0.000,Split  by 0.00
ND-LAr+TMS,Analysis-Data,CPU,Global,MHr,0.000,0.000,0.000,0.000,0.000,0.000,0.000,0.000,1.425,Split  by 0.50
ND-LAr+TMS,Analysis-Data,CPU kHS23-Yr,US,kHS23-Yr,0.000,0.000,0.000,0.000,0.000,0.000,0.000,0.000,2.556,Split  by 0.50
ND-LAr+TMS,Analysis-Data,CPU kHS23-Yr,CERN,kHS23-Yr,0.000,0.000,0.000,0.000,0.000,0.000,0.000,0.000,0.000,Split  by 0.00
ND-LAr+TMS,Analysis-Data,CPU kHS23-Yr,Global,kHS23-Yr,0.000,0.000,0.000,0.000,0.000,0.000,0.000,0.000,2.556,Split  by 0.50
ND-LAr+TMS,Analysis-Data,CPU Cores,US,Cores,0.000,0.000,0.000,0.000,0.000,0.000,0.000,0.000,232.387,Split  by 0.50
ND-LAr+TMS,Analysis-Data,CPU Cores,CERN,Cores,0.000,0.000,0.000,0.000,0.000,0.000,0.000,0.000,0.000,Split  by 0.00
ND-LAr+TMS,Analysis-Data,CPU Cores,Global,Cores,0.000,0.000,0.000,0.000,0.000,0.000,0.000,0.000,232.387,Split  by 0.50
ND-LAr+TMS,Analysis-Sim,CPU,US,MHr,0.000,0.575,2.875,2.875,2.875,2.875,2.875,34.500,34.500,Split  by 0.50
ND-LAr+TMS,Analysis-Sim,CPU,CERN,MHr,0.000,0.000,0.000,0.000,0.000,0.000,0.000,0.000,0.000,Split  by 0.00
ND-LAr+TMS,Analysis-Sim,CPU,Global,MHr,0.000,0.575,2.875,2.875,2.875,2.875,2.875,34.500,34.500,Split  by 0.50
ND-LAr+TMS,Analysis-Sim,CPU kHS23-Yr,US,kHS23-Yr,0.000,1.031,5.157,5.157,5.157,5.157,5.157,61.888,61.888,Split  by 0.50
ND-LAr+TMS,Analysis-Sim,CPU kHS23-Yr,CERN,kHS23-Yr,0.000,0.000,0.000,0.000,0.000,0.000,0.000,0.000,0.000,Split  by 0.00
ND-LAr+TMS,Analysis-Sim,CPU kHS23-Yr,Global,kHS23-Yr,0.000,1.031,5.157,5.157,5.157,5.157,5.157,61.888,61.888,Split  by 0.50
ND-LAr+TMS,Analysis-Sim,CPU Cores,US,Cores,0.000,93.770,468.852,468.852,468.852,468.852,468.852,5626.223,5626.223,Split  by 0.50
ND-LAr+TMS,Analysis-Sim,CPU Cores,CERN,Cores,0.000,0.000,0.000,0.000,0.000,0.000,0.000,0.000,0.000,Split  by 0.00
ND-LAr+TMS,Analysis-Sim,CPU Cores,Global,Cores,0.000,93.770,468.852,468.852,468.852,468.852,468.852,5626.223,5626.223,Split  by 0.50
SP,Raw-Data,Cumulative-Disk,US,TB,0.000,0.000,0.000,0.000,0.000,0.000,0.000,0.000,0.000,Look back 3.00 years and keep that Storage 
SP,Raw-Data,Cumulative-Disk,CERN,TB,0.000,0.000,0.000,0.000,0.000,0.000,0.000,0.000,0.000,Look back 3.00 years and keep that Storage 
SP,Raw-Data,Cumulative-Disk,Global,TB,0.000,0.000,0.000,0.000,0.000,0.000,0.000,0.000,0.000,Look back 3.00 years and keep that Storage 
SP,Raw-Data,Cumulative-Disk,Total,TB,0.000,0.000,0.000,0.000,0.000,0.000,0.000,0.000,0.000,Look back 3.00 years and keep that Storage 
SP,Raw-Data,Cumulative-Tape,US,TB,0.000,0.000,0.000,0.000,0.000,0.000,0.000,0.000,0.000,Look back 100.00 years and keep that Storage 
SP,Raw-Data,Cumulative-Tape,CERN,TB,0.000,0.000,0.000,0.000,0.000,0.000,0.000,0.000,0.000,Look back 100.00 years and keep that Storage 
SP,Raw-Data,Cumulative-Tape,Global,TB,0.000,0.000,0.000,0.000,0.000,0.000,0.000,0.000,0.000,Look back 100.00 years and keep that Storage 
SP,Raw-Data,Cumulative-Tape,Total,TB,0.000,0.000,0.000,0.000,0.000,0.000,0.000,0.000,0.000,Look back 100.00 years and keep that Storage 
SP,Reco-Sim,Cumulative-Tape,US,TB,3314.520,3314.520,3314.520,3314.520,3314.520,3314.520,3314.520,3314.520,3314.520,Look back 15.00 years and keep that Storage 
SP,Reco-Sim,Cumulative-Tape,CERN,TB,0.000,0.000,0.000,0.000,0.000,0.000,0.000,0.000,0.000,Look back 15.00 years and keep that Storage 
SP,Reco-Sim,Cumulative-Tape,Global,TB,0.000,0.000,0.000,0.000,0.000,0.000,0.000,0.000,0.000,Look back 15.00 years and keep that Storage 
SP,Reco-Sim,Cumulative-Tape,Total,TB,3314.520,3314.520,3314.520,3314.520,3314.520,3314.520,3314.520,3314.520,3314.520,Look back 15.00 years and keep that Storage 
SP,Reco-Data,Cumulative-Tape,US,TB,0.000,0.000,0.000,0.000,0.000,0.000,0.000,0.000,0.000,Look back 15.00 years and keep that Storage 
SP,Reco-Data,Cumulative-Tape,CERN,TB,0.000,0.000,0.000,0.000,0.000,0.000,0.000,0.000,0.000,Look back 15.00 years and keep that Storage 
SP,Reco-Data,Cumulative-Tape,Global,TB,0.000,0.000,0.000,0.000,0.000,0.000,0.000,0.000,0.000,Look back 15.00 years and keep that Storage 
SP,Reco-Data,Cumulative-Tape,Total,TB,0.000,0.000,0.000,0.000,0.000,0.000,0.000,0.000,0.000,Look back 15.00 years and keep that Storage 
SP,Test,Cumulative-Disk,US,TB,0.000,0.000,0.000,0.000,0.000,0.000,0.000,0.000,0.000,Look back 0.50 years and keep that Storage 
SP,Test,Cumulative-Disk,CERN,TB,0.000,0.000,0.000,0.000,0.000,0.000,0.000,0.000,0.000,Look back 0.50 years and keep that Storage 
SP,Test,Cumulative-Disk,Global,TB,0.000,0.000,0.000,0.000,0.000,0.000,0.000,0.000,0.000,Look back 0.50 years and keep that Storage 
SP,Test,Cumulative-Disk,Total,TB,0.000,0.000,0.000,0.000,0.000,0.000,0.000,0.000,0.000,Look back 0.50 years and keep that Storage 
SP,Test,Cumulative-Tape,US,TB,0.000,0.000,0.000,0.000,0.000,0.000,0.000,0.000,0.000,Look back 1.00 years and keep that Storage 
SP,Test,Cumulative-Tape,CERN,TB,0.000,0.000,0.000,0.000,0.000,0.000,0.000,0.000,0.000,Look back 1.00 years and keep that Storage 
SP,Test,Cumulative-Tape,Global,TB,0.000,0.000,0.000,0.000,0.000,0.000,0.000,0.000,0.000,Look back 1.00 years and keep that Storage 
SP,Test,Cumulative-Tape,Total,TB,0.000,0.000,0.000,0.000,0.000,0.000,0.000,0.000,0.000,Look back 1.00 years and keep that Storage 
DP,Raw-Data,Cumulative-Disk,US,TB,65.065,0.000,0.000,0.000,0.000,0.000,0.000,0.000,0.000,Look back 3.00 years and keep that Storage 
DP,Raw-Data,Cumulative-Disk,CERN,TB,65.065,0.000,0.000,0.000,0.000,0.000,0.000,0.000,0.000,Look back 3.00 years and keep that Storage 
DP,Raw-Data,Cumulative-Disk,Global,TB,0.000,0.000,0.000,0.000,0.000,0.000,0.000,0.000,0.000,Look back 3.00 years and keep that Storage 
DP,Raw-Data,Cumulative-Disk,Total,TB,130.130,0.000,0.000,0.000,0.000,0.000,0.000,0.000,0.000,Look back 3.00 years and keep that Storage 
DP,Raw-Data,Cumulative-Tape,US,TB,130.130,130.130,130.130,130.130,130.130,130.130,130.130,130.130,130.130,Look back 100.00 years and keep that Storage 
DP,Raw-Data,Cumulative-Tape,CERN,TB,130.130,130.130,130.130,130.130,130.130,130.130,130.130,130.130,130.130,Look back 100.00 years and keep that Storage 
DP,Raw-Data,Cumulative-Tape,Global,TB,0.000,0.000,0.000,0.000,0.000,0.000,0.000,0.000,0.000,Look back 100.00 years and keep that Storage 
DP,Raw-Data,Cumulative-Tape,Total,TB,260.260,260.260,260.260,260.260,260.260,260.260,260.260,260.260,260.260,Look back 100.00 years and keep that Storage 
DP,Reco-Sim,Cumulative-Tape,US,TB,0.000,0.000,0.000,0.000,0.000,0.000,0.000,0.000,0.000,Look back 15.00 years and keep that Storage 
DP,Reco-Sim,Cumulative-Tape,CERN,TB,0.000,0.000,0.000,0.000,0.000,0.000,0.000,0.000,0.000,Look back 15.00 years and keep that Storage 
DP,Reco-Sim,Cumulative-Tape,Global,TB,0.000,0.000,0.000,0.000,0.000,0.000,0.000,0.000,0.000,Look back 15.00 years and keep that Storage 
DP,Reco-Sim,Cumulative-Tape,Total,TB,0.000,0.000,0.000,0.000,0.000,0.000,0.000,0.000,0.000,Look back 15.00 years and keep that Storage 
DP,Reco-Data,Cumulative-Tape,US,TB,124.215,124.215,124.215,124.215,124.215,124.215,124.215,124.215,124.215,Look back 15.00 years and keep that Storage 
DP,Reco-Data,Cumulative-Tape,CERN,TB,0.000,0.000,0.000,0.000,0.000,0.000,0.000,0.000,0.000,Look back 15.00 years and keep that Storage 
DP,Reco-Data,Cumulative-Tape,Global,TB,0.000,0.000,0.000,0.000,0.000,0.000,0.000,0.000,0.000,Look back 15.00 years and keep that Storage 
DP,Reco-Data,Cumulative-Tape,Total,TB,124.215,124.215,124.215,124.215,124.215,124.215,124.215,124.215,124.215,Look back 15.00 years and keep that Storage 
DP,Test,Cumulative-Disk,US,TB,0.000,0.000,0.000,0.000,0.000,0.000,0.000,0.000,0.000,Look back 0.50 years and keep that Storage 
DP,Test,Cumulative-Disk,CERN,TB,0.000,0.000,0.000,0.000,0.000,0.000,0.000,0.000,0.000,Look back 0.50 years and keep that Storage 
DP,Test,Cumulative-Disk,Global,TB,0.000,0.000,0.000,0.000,0.000,0.000,0.000,0.000,0.000,Look back 0.50 years and keep that Storage 
DP,Test,Cumulative-Disk,Total,TB,0.000,0.000,0.000,0.000,0.000,0.000,0.000,0.000,0.000,Look back 0.50 years and keep that Storage 
DP,Test,Cumulative-Tape,US,TB,0.000,0.000,0.000,0.000,0.000,0.000,0.000,0.000,0.000,Look back 1.00 years and keep that Storage 
DP,Test,Cumulative-Tape,CERN,TB,0.000,0.000,0.000,0.000,0.000,0.000,0.000,0.000,0.000,Look back 1.00 years and keep that Storage 
DP,Test,Cumulative-Tape,Global,TB,0.000,0.000,0.000,0.000,0.000,0.000,0.000,0.000,0.000,Look back 1.00 years and keep that Storage 
DP,Test,Cumulative-Tape,Total,TB,0.000,0.000,0.000,0.000,0.000,0.000,0.000,0.000,0.000,Look back 1.00 years and keep that Storage 
Coldbox,Raw-Data,Cumulative-Disk,US,TB,0.000,0.000,0.000,0.000,0.000,0.000,0.000,0.000,0.000,Look back 3.00 years and keep that Storage 
Coldbox,Raw-Data,Cumulative-Disk,CERN,TB,0.000,0.000,0.000,0.000,0.000,0.000,0.000,0.000,0.000,Look back 3.00 years and keep that Storage 
Coldbox,Raw-Data,Cumulative-Disk,Global,TB,0.000,0.000,0.000,0.000,0.000,0.000,0.000,0.000,0.000,Look back 3.00 years and keep that Storage 
Coldbox,Raw-Data,Cumulative-Disk,Total,TB,0.000,0.000,0.000,0.000,0.000,0.000,0.000,0.000,0.000,Look back 3.00 years and keep that Storage 
Coldbox,Raw-Data,Cumulative-Tape,US,TB,0.000,0.000,0.000,0.000,0.000,0.000,0.000,0.000,0.000,Look back 100.00 years and keep that Storage 
Coldbox,Raw-Data,Cumulative-Tape,CERN,TB,0.000,0.000,0.000,0.000,0.000,0.000,0.000,0.000,0.000,Look back 100.00 years and keep that Storage 
Coldbox,Raw-Data,Cumulative-Tape,Global,TB,0.000,0.000,0.000,0.000,0.000,0.000,0.000,0.000,0.000,Look back 100.00 years and keep that Storage 
Coldbox,Raw-Data,Cumulative-Tape,Total,TB,0.000,0.000,0.000,0.000,0.000,0.000,0.000,0.000,0.000,Look back 100.00 years and keep that Storage 
Coldbox,Reco-Sim,Cumulative-Tape,US,TB,0.000,0.000,0.000,0.000,0.000,0.000,0.000,0.000,0.000,Look back 15.00 years and keep that Storage 
Coldbox,Reco-Sim,Cumulative-Tape,CERN,TB,0.000,0.000,0.000,0.000,0.000,0.000,0.000,0.000,0.000,Look back 15.00 years and keep that Storage 
Coldbox,Reco-Sim,Cumulative-Tape,Global,TB,0.000,0.000,0.000,0.000,0.000,0.000,0.000,0.000,0.000,Look back 15.00 years and keep that Storage 
Coldbox,Reco-Sim,Cumulative-Tape,Total,TB,0.000,0.000,0.000,0.000,0.000,0.000,0.000,0.000,0.000,Look back 15.00 years and keep that Storage 
Coldbox,Reco-Data,Cumulative-Tape,US,TB,0.000,0.000,0.000,0.000,0.000,0.000,0.000,0.000,0.000,Look back 15.00 years and keep that Storage 
Coldbox,Reco-Data,Cumulative-Tape,CERN,TB,0.000,0.000,0.000,0.000,0.000,0.000,0.000,0.000,0.000,Look back 15.00 years and keep that Storage 
Coldbox,Reco-Data,Cumulative-Tape,Global,TB,0.000,0.000,0.000,0.000,0.000,0.000,0.000,0.000,0.000,Look back 15.00 years and keep that Storage 
Coldbox,Reco-Data,Cumulative-Tape,Total,TB,0.000,0.000,0.000,0.000,0.000,0.000,0.000,0.000,0.000,Look back 15.00 years and keep that Storage 
Coldbox,Test,Cumulative-Disk,US,TB,37.850,0.000,0.000,0.000,0.000,0.000,0.000,0.000,0.000,Look back 0.50 years and keep that Storage 
Coldbox,Test,Cumulative-Disk,CERN,TB,37.850,0.000,0.000,0.000,0.000,0.000,0.000,0.000,0.000,Look back 0.50 years and keep that Storage 
Coldbox,Test,Cumulative-Disk,Global,TB,0.000,0.000,0.000,0.000,0.000,0.000,0.000,0.000,0.000,Look back 0.50 years and keep that Storage 
Coldbox,Test,Cumulative-Disk,Total,TB,75.700,0.000,0.000,0.000,0.000,0.000,0.000,0.000,0.000,Look back 0.50 years and keep that Storage 
Coldbox,Test,Cumulative-Tape,US,TB,75.700,0.000,0.000,0.000,0.000,0.000,0.000,0.000,0.000,Look back 1.00 years and keep that Storage 
Coldbox,Test,Cumulative-Tape,CERN,TB,75.700,0.000,0.000,0.000,0.000,0.000,0.000,0.000,0.000,Look back 1.00 years and keep that Storage 
Coldbox,Test,Cumulative-Tape,Global,TB,0.000,0.000,0.000,0.000,0.000,0.000,0.000,0.000,0.000,Look back 1.00 years and keep that Storage 
Coldbox,Test,Cumulative-Tape,Total,TB,151.400,0.000,0.000,0.000,0.000,0.000,0.000,0.000,0.000,Look back 1.00 years and keep that Storage 
PDHD,Raw-Data,Cumulative-Disk,US,TB,2380.000,2380.000,2380.000,0.000,0.000,0.000,0.000,0.000,0.000,Look back 3.00 years and keep that Storage 
PDHD,Raw-Data,Cumulative-Disk,CERN,TB,2380.000,2380.000,2380.000,0.000,0.000,0.000,0.000,0.000,0.000,Look back 3.00 years and keep that Storage 
PDHD,Raw-Data,Cumulative-Disk,Global,TB,0.000,0.000,0.000,0.000,0.000,0.000,0.000,0.000,0.000,Look back 3.00 years and keep that Storage 
PDHD,Raw-Data,Cumulative-Disk,Total,TB,4760.000,4760.000,4760.000,0.000,0.000,0.000,0.000,0.000,0.000,Look back 3.00 years and keep that Storage 
PDHD,Raw-Data,Cumulative-Tape,US,TB,4760.000,4760.000,4760.000,4760.000,4760.000,4760.000,4760.000,4760.000,4760.000,Look back 100.00 years and keep that Storage 
PDHD,Raw-Data,Cumulative-Tape,CERN,TB,4760.000,4760.000,4760.000,4760.000,4760.000,4760.000,4760.000,4760.000,4760.000,Look back 100.00 years and keep that Storage 
PDHD,Raw-Data,Cumulative-Tape,Global,TB,0.000,0.000,0.000,0.000,0.000,0.000,0.000,0.000,0.000,Look back 100.00 years and keep that Storage 
PDHD,Raw-Data,Cumulative-Tape,Total,TB,9520.000,9520.000,9520.000,9520.000,9520.000,9520.000,9520.000,9520.000,9520.000,Look back 100.00 years and keep that Storage 
PDHD,TP,Cumulative-Disk,US,TB,419.750,0.000,0.000,0.000,0.000,0.000,0.000,0.000,0.000,Look back 0.50 years and keep that Storage 
PDHD,TP,Cumulative-Disk,CERN,TB,419.750,0.000,0.000,0.000,0.000,0.000,0.000,0.000,0.000,Look back 0.50 years and keep that Storage 
PDHD,TP,Cumulative-Disk,Global,TB,0.000,0.000,0.000,0.000,0.000,0.000,0.000,0.000,0.000,Look back 0.50 years and keep that Storage 
PDHD,TP,Cumulative-Disk,Total,TB,839.500,0.000,0.000,0.000,0.000,0.000,0.000,0.000,0.000,Look back 0.50 years and keep that Storage 
PDHD,TP,Cumulative-Tape,US,TB,839.500,839.500,839.500,839.500,839.500,839.500,839.500,839.500,839.500,Look back 100.00 years and keep that Storage 
PDHD,TP,Cumulative-Tape,CERN,TB,839.500,839.500,839.500,839.500,839.500,839.500,839.500,839.500,839.500,Look back 100.00 years and keep that Storage 
PDHD,TP,Cumulative-Tape,Global,TB,0.000,0.000,0.000,0.000,0.000,0.000,0.000,0.000,0.000,Look back 100.00 years and keep that Storage 
PDHD,TP,Cumulative-Tape,Total,TB,1679.000,1679.000,1679.000,1679.000,1679.000,1679.000,1679.000,1679.000,1679.000,Look back 100.00 years and keep that Storage 
PDHD,Reco-Sim,Cumulative-Tape,US,TB,572.000,1672.000,2772.000,3872.000,3872.000,3872.000,3872.000,3872.000,3872.000,Look back 15.00 years and keep that Storage 
PDHD,Reco-Sim,Cumulative-Tape,CERN,TB,0.000,0.000,0.000,0.000,0.000,0.000,0.000,0.000,0.000,Look back 15.00 years and keep that Storage 
PDHD,Reco-Sim,Cumulative-Tape,Global,TB,0.000,0.000,0.000,0.000,0.000,0.000,0.000,0.000,0.000,Look back 15.00 years and keep that Storage 
PDHD,Reco-Sim,Cumulative-Tape,Total,TB,572.000,1672.000,2772.000,3872.000,3872.000,3872.000,3872.000,3872.000,3872.000,Look back 15.00 years and keep that Storage 
PDHD,Reco-Data,Cumulative-Tape,US,TB,1190.000,2380.000,3570.000,3570.000,3570.000,3570.000,3570.000,3570.000,3570.000,Look back 15.00 years and keep that Storage 
PDHD,Reco-Data,Cumulative-Tape,CERN,TB,0.000,0.000,0.000,0.000,0.000,0.000,0.000,0.000,0.000,Look back 15.00 years and keep that Storage 
PDHD,Reco-Data,Cumulative-Tape,Global,TB,0.000,0.000,0.000,0.000,0.000,0.000,0.000,0.000,0.000,Look back 15.00 years and keep that Storage 
PDHD,Reco-Data,Cumulative-Tape,Total,TB,1190.000,2380.000,3570.000,3570.000,3570.000,3570.000,3570.000,3570.000,3570.000,Look back 15.00 years and keep that Storage 
PDHD,Test,Cumulative-Disk,US,TB,22.500,0.000,0.000,0.000,0.000,0.000,0.000,0.000,0.000,Look back 0.50 years and keep that Storage 
PDHD,Test,Cumulative-Disk,CERN,TB,22.500,0.000,0.000,0.000,0.000,0.000,0.000,0.000,0.000,Look back 0.50 years and keep that Storage 
PDHD,Test,Cumulative-Disk,Global,TB,0.000,0.000,0.000,0.000,0.000,0.000,0.000,0.000,0.000,Look back 0.50 years and keep that Storage 
PDHD,Test,Cumulative-Disk,Total,TB,45.000,0.000,0.000,0.000,0.000,0.000,0.000,0.000,0.000,Look back 0.50 years and keep that Storage 
PDHD,Test,Cumulative-Tape,US,TB,45.000,0.000,0.000,0.000,0.000,0.000,0.000,0.000,0.000,Look back 1.00 years and keep that Storage 
PDHD,Test,Cumulative-Tape,CERN,TB,45.000,0.000,0.000,0.000,0.000,0.000,0.000,0.000,0.000,Look back 1.00 years and keep that Storage 
PDHD,Test,Cumulative-Tape,Global,TB,0.000,0.000,0.000,0.000,0.000,0.000,0.000,0.000,0.000,Look back 1.00 years and keep that Storage 
PDHD,Test,Cumulative-Tape,Total,TB,90.000,0.000,0.000,0.000,0.000,0.000,0.000,0.000,0.000,Look back 1.00 years and keep that Storage 
PDVD,Raw-Data,Cumulative-Disk,US,TB,280.500,1930.500,2211.000,1930.500,280.500,0.000,0.000,0.000,0.000,Look back 3.00 years and keep that Storage 
PDVD,Raw-Data,Cumulative-Disk,CERN,TB,280.500,1930.500,2211.000,1930.500,280.500,0.000,0.000,0.000,0.000,Look back 3.00 years and keep that Storage 
PDVD,Raw-Data,Cumulative-Disk,Global,TB,0.000,0.000,0.000,0.000,0.000,0.000,0.000,0.000,0.000,Look back 3.00 years and keep that Storage 
PDVD,Raw-Data,Cumulative-Disk,Total,TB,561.000,3861.000,4422.000,3861.000,561.000,0.000,0.000,0.000,0.000,Look back 3.00 years and keep that Storage 
PDVD,Raw-Data,Cumulative-Tape,US,TB,561.000,3861.000,4422.000,4422.000,4422.000,4422.000,4422.000,4422.000,4422.000,Look back 100.00 years and keep that Storage 
PDVD,Raw-Data,Cumulative-Tape,CERN,TB,561.000,3861.000,4422.000,4422.000,4422.000,4422.000,4422.000,4422.000,4422.000,Look back 100.00 years and keep that Storage 
PDVD,Raw-Data,Cumulative-Tape,Global,TB,0.000,0.000,0.000,0.000,0.000,0.000,0.000,0.000,0.000,Look back 100.00 years and keep that Storage 
PDVD,Raw-Data,Cumulative-Tape,Total,TB,1122.000,7722.000,8844.000,8844.000,8844.000,8844.000,8844.000,8844.000,8844.000,Look back 100.00 years and keep that Storage 
PDVD,TP,Cumulative-Disk,US,TB,0.000,250.000,0.000,0.000,0.000,0.000,0.000,0.000,0.000,Look back 0.50 years and keep that Storage 
PDVD,TP,Cumulative-Disk,CERN,TB,0.000,250.000,0.000,0.000,0.000,0.000,0.000,0.000,0.000,Look back 0.50 years and keep that Storage 
PDVD,TP,Cumulative-Disk,Global,TB,0.000,0.000,0.000,0.000,0.000,0.000,0.000,0.000,0.000,Look back 0.50 years and keep that Storage 
PDVD,TP,Cumulative-Disk,Total,TB,0.000,500.000,0.000,0.000,0.000,0.000,0.000,0.000,0.000,Look back 0.50 years and keep that Storage 
PDVD,TP,Cumulative-Tape,US,TB,0.150,500.150,500.150,500.150,500.150,500.150,500.150,500.150,500.150,Look back 100.00 years and keep that Storage 
PDVD,TP,Cumulative-Tape,CERN,TB,0.150,500.150,500.150,500.150,500.150,500.150,500.150,500.150,500.150,Look back 100.00 years and keep that Storage 
PDVD,TP,Cumulative-Tape,Global,TB,0.000,0.000,0.000,0.000,0.000,0.000,0.000,0.000,0.000,Look back 100.00 years and keep that Storage 
PDVD,TP,Cumulative-Tape,Total,TB,0.300,1000.300,1000.300,1000.300,1000.300,1000.300,1000.300,1000.300,1000.300,Look back 100.00 years and keep that Storage 
PDVD,Reco-Sim,Cumulative-Tape,US,TB,40.920,1162.920,2284.920,3406.920,3406.920,3406.920,3406.920,3406.920,3406.920,Look back 15.00 years and keep that Storage 
PDVD,Reco-Sim,Cumulative-Tape,CERN,TB,0.000,0.000,0.000,0.000,0.000,0.000,0.000,0.000,0.000,Look back 15.00 years and keep that Storage 
PDVD,Reco-Sim,Cumulative-Tape,Global,TB,0.000,0.000,0.000,0.000,0.000,0.000,0.000,0.000,0.000,Look back 15.00 years and keep that Storage 
PDVD,Reco-Sim,Cumulative-Tape,Total,TB,40.920,1162.920,2284.920,3406.920,3406.920,3406.920,3406.920,3406.920,3406.920,Look back 15.00 years and keep that Storage 
PDVD,Reco-Data,Cumulative-Tape,US,TB,102.000,804.000,1608.000,2310.000,2412.000,2412.000,2412.000,2412.000,2412.000,Look back 15.00 years and keep that Storage 
PDVD,Reco-Data,Cumulative-Tape,CERN,TB,0.000,0.000,0.000,0.000,0.000,0.000,0.000,0.000,0.000,Look back 15.00 years and keep that Storage 
PDVD,Reco-Data,Cumulative-Tape,Global,TB,0.000,0.000,0.000,0.000,0.000,0.000,0.000,0.000,0.000,Look back 15.00 years and keep that Storage 
PDVD,Reco-Data,Cumulative-Tape,Total,TB,102.000,804.000,1608.000,2310.000,2412.000,2412.000,2412.000,2412.000,2412.000,Look back 15.00 years and keep that Storage 
PDVD,Test,Cumulative-Disk,US,TB,0.050,125.000,125.000,0.000,0.000,0.000,0.000,0.000,0.000,Look back 0.50 years and keep that Storage 
PDVD,Test,Cumulative-Disk,CERN,TB,0.050,125.000,125.000,0.000,0.000,0.000,0.000,0.000,0.000,Look back 0.50 years and keep that Storage 
PDVD,Test,Cumulative-Disk,Global,TB,0.000,0.000,0.000,0.000,0.000,0.000,0.000,0.000,0.000,Look back 0.50 years and keep that Storage 
PDVD,Test,Cumulative-Disk,Total,TB,0.100,250.000,250.000,0.000,0.000,0.000,0.000,0.000,0.000,Look back 0.50 years and keep that Storage 
PDVD,Test,Cumulative-Tape,US,TB,0.100,250.000,250.000,0.000,0.000,0.000,0.000,0.000,0.000,Look back 1.00 years and keep that Storage 
PDVD,Test,Cumulative-Tape,CERN,TB,0.100,250.000,250.000,0.000,0.000,0.000,0.000,0.000,0.000,Look back 1.00 years and keep that Storage 
PDVD,Test,Cumulative-Tape,Global,TB,0.000,0.000,0.000,0.000,0.000,0.000,0.000,0.000,0.000,Look back 1.00 years and keep that Storage 
PDVD,Test,Cumulative-Tape,Total,TB,0.200,500.000,500.000,0.000,0.000,0.000,0.000,0.000,0.000,Look back 1.00 years and keep that Storage 
FDVD,Raw-Data,Cumulative-Disk,US,TB,0.000,0.000,0.000,0.000,0.000,0.000,8018.223,15143.729,14251.012,Look back 2.00 years and keep that Storage 
FDVD,Raw-Data,Cumulative-Disk,CERN,TB,0.000,0.000,0.000,0.000,0.000,0.000,0.000,0.000,0.000,Look back 2.00 years and keep that Storage 
FDVD,Raw-Data,Cumulative-Disk,Global,TB,0.000,0.000,0.000,0.000,0.000,0.000,8018.223,15143.729,14251.012,Look back 2.00 years and keep that Storage 
FDVD,Raw-Data,Cumulative-Disk,Total,TB,0.000,0.000,0.000,0.000,0.000,0.000,16036.446,30287.459,28502.024,Look back 2.00 years and keep that Storage 
FDVD,Raw-Data,Cumulative-Tape,US,TB,0.000,0.000,0.000,0.000,0.000,0.000,16036.446,30287.459,44538.471,Look back 100.00 years and keep that Storage 
FDVD,Raw-Data,Cumulative-Tape,CERN,TB,0.000,0.000,0.000,0.000,0.000,0.000,0.000,0.000,0.000,Look back 100.00 years and keep that Storage 
FDVD,Raw-Data,Cumulative-Tape,Global,TB,0.000,0.000,0.000,0.000,0.000,0.000,16036.446,30287.459,44538.471,Look back 100.00 years and keep that Storage 
FDVD,Raw-Data,Cumulative-Tape,Total,TB,0.000,0.000,0.000,0.000,0.000,0.000,32072.893,60574.917,89076.942,Look back 100.00 years and keep that Storage 
FDVD,TP,Cumulative-Disk,US,TB,0.000,0.000,0.000,775.000,775.000,775.000,706.150,627.530,627.530,Look back 0.50 years and keep that Storage 
FDVD,TP,Cumulative-Disk,CERN,TB,0.000,0.000,0.000,0.000,0.000,0.000,0.000,0.000,0.000,Look back 0.50 years and keep that Storage 
FDVD,TP,Cumulative-Disk,Global,TB,0.000,0.000,0.000,775.000,775.000,775.000,706.150,627.530,627.530,Look back 0.50 years and keep that Storage 
FDVD,TP,Cumulative-Disk,Total,TB,0.000,0.000,0.000,1550.000,1550.000,1550.000,1412.301,1255.061,1255.061,Look back 0.50 years and keep that Storage 
FDVD,TP,Cumulative-Tape,US,TB,0.000,0.000,0.000,1550.000,3100.000,4650.000,6062.301,7317.361,8572.422,Look back 100.00 years and keep that Storage 
FDVD,TP,Cumulative-Tape,CERN,TB,0.000,0.000,0.000,0.000,0.000,0.000,0.000,0.000,0.000,Look back 100.00 years and keep that Storage 
FDVD,TP,Cumulative-Tape,Global,TB,0.000,0.000,0.000,1550.000,3100.000,4650.000,6062.301,7317.361,8572.422,Look back 100.00 years and keep that Storage 
FDVD,TP,Cumulative-Tape,Total,TB,0.000,0.000,0.000,3100.000,6200.000,9300.000,12124.601,14634.723,17144.844,Look back 100.00 years and keep that Storage 
FDVD,Reco-Sim,Cumulative-Tape,US,TB,1100.070,1250.070,1400.070,1550.070,2600.070,3020.070,3440.070,3860.070,4280.070,Look back 15.00 years and keep that Storage 
FDVD,Reco-Sim,Cumulative-Tape,CERN,TB,0.000,0.000,0.000,0.000,0.000,0.000,0.000,0.000,0.000,Look back 15.00 years and keep that Storage 
FDVD,Reco-Sim,Cumulative-Tape,Global,TB,1100.070,1250.070,1400.070,1550.070,2600.070,3020.070,3440.070,3860.070,4280.070,Look back 15.00 years and keep that Storage 
FDVD,Reco-Sim,Cumulative-Tape,Total,TB,2200.140,2500.140,2800.140,3100.140,5200.140,6040.140,6880.140,7720.140,8560.140,Look back 15.00 years and keep that Storage 
FDVD,Reco-Data,Cumulative-Tape,US,TB,0.000,0.000,0.000,0.000,0.000,0.000,22.000,66.000,132.000,Look back 15.00 years and keep that Storage 
FDVD,Reco-Data,Cumulative-Tape,CERN,TB,0.000,0.000,0.000,0.000,0.000,0.000,0.000,0.000,0.000,Look back 15.00 years and keep that Storage 
FDVD,Reco-Data,Cumulative-Tape,Global,TB,0.000,0.000,0.000,0.000,0.000,0.000,22.000,66.000,132.000,Look back 15.00 years and keep that Storage 
FDVD,Reco-Data,Cumulative-Tape,Total,TB,0.000,0.000,0.000,0.000,0.000,0.000,44.000,132.000,264.000,Look back 15.00 years and keep that Storage 
FDVD,Test,Cumulative-Disk,US,TB,0.000,0.000,0.000,650.000,2100.000,650.000,592.255,526.316,526.316,Look back 0.50 years and keep that Storage 
FDVD,Test,Cumulative-Disk,CERN,TB,0.000,0.000,0.000,0.000,0.000,0.000,0.000,0.000,0.000,Look back 0.50 years and keep that Storage 
FDVD,Test,Cumulative-Disk,Global,TB,0.000,0.000,0.000,650.000,2100.000,650.000,592.255,526.316,526.316,Look back 0.50 years and keep that Storage 
FDVD,Test,Cumulative-Disk,Total,TB,0.000,0.000,0.000,1300.000,4200.000,1300.000,1184.510,1052.632,1052.632,Look back 0.50 years and keep that Storage 
FDVD,Test,Cumulative-Tape,US,TB,0.000,0.000,0.000,1300.000,4200.000,1300.000,1184.510,1052.632,1052.632,Look back 1.00 years and keep that Storage 
FDVD,Test,Cumulative-Tape,CERN,TB,0.000,0.000,0.000,0.000,0.000,0.000,0.000,0.000,0.000,Look back 1.00 years and keep that Storage 
FDVD,Test,Cumulative-Tape,Global,TB,0.000,0.000,0.000,1300.000,4200.000,1300.000,1184.510,1052.632,1052.632,Look back 1.00 years and keep that Storage 
FDVD,Test,Cumulative-Tape,Total,TB,0.000,0.000,0.000,2600.000,8400.000,2600.000,2369.021,2105.263,2105.263,Look back 1.00 years and keep that Storage 
FDHD,Raw-Data,Cumulative-Disk,US,TB,0.000,0.000,0.000,0.000,0.000,0.000,1879.271,5219.352,6680.162,Look back 2.00 years and keep that Storage 
FDHD,Raw-Data,Cumulative-Disk,CERN,TB,0.000,0.000,0.000,0.000,0.000,0.000,0.000,0.000,0.000,Look back 2.00 years and keep that Storage 
FDHD,Raw-Data,Cumulative-Disk,Global,TB,0.000,0.000,0.000,0.000,0.000,0.000,1879.271,5219.352,6680.162,Look back 2.00 years and keep that Storage 
FDHD,Raw-Data,Cumulative-Disk,Total,TB,0.000,0.000,0.000,0.000,0.000,0.000,3758.542,10438.704,13360.324,Look back 2.00 years and keep that Storage 
FDHD,Raw-Data,Cumulative-Tape,US,TB,0.000,0.000,0.000,0.000,0.000,0.000,3758.542,10438.704,17118.866,Look back 100.00 years and keep that Storage 
FDHD,Raw-Data,Cumulative-Tape,CERN,TB,0.000,0.000,0.000,0.000,0.000,0.000,0.000,0.000,0.000,Look back 100.00 years and keep that Storage 
FDHD,Raw-Data,Cumulative-Tape,Global,TB,0.000,0.000,0.000,0.000,0.000,0.000,3758.542,10438.704,17118.866,Look back 100.00 years and keep that Storage 
FDHD,Raw-Data,Cumulative-Tape,Total,TB,0.000,0.000,0.000,0.000,0.000,0.000,7517.084,20877.408,34237.732,Look back 100.00 years and keep that Storage 
FDHD,TP,Cumulative-Disk,US,TB,0.000,0.000,0.000,750.000,750.000,750.000,683.371,607.287,607.287,Look back 0.50 years and keep that Storage 
FDHD,TP,Cumulative-Disk,CERN,TB,0.000,0.000,0.000,0.000,0.000,0.000,0.000,0.000,0.000,Look back 0.50 years and keep that Storage 
FDHD,TP,Cumulative-Disk,Global,TB,0.000,0.000,0.000,750.000,750.000,750.000,683.371,607.287,607.287,Look back 0.50 years and keep that Storage 
FDHD,TP,Cumulative-Disk,Total,TB,0.000,0.000,0.000,1500.000,1500.000,1500.000,1366.743,1214.575,1214.575,Look back 0.50 years and keep that Storage 
FDHD,TP,Cumulative-Tape,US,TB,0.000,0.000,0.000,1500.000,3000.000,4500.000,5866.743,7081.317,8295.892,Look back 100.00 years and keep that Storage 
FDHD,TP,Cumulative-Tape,CERN,TB,0.000,0.000,0.000,0.000,0.000,0.000,0.000,0.000,0.000,Look back 100.00 years and keep that Storage 
FDHD,TP,Cumulative-Tape,Global,TB,0.000,0.000,0.000,1500.000,3000.000,4500.000,5866.743,7081.317,8295.892,Look back 100.00 years and keep that Storage 
FDHD,TP,Cumulative-Tape,Total,TB,0.000,0.000,0.000,3000.000,6000.000,9000.000,11733.485,14162.635,16591.785,Look back 100.00 years and keep that Storage 
FDHD,Reco-Sim,Cumulative-Tape,US,TB,462.130,612.130,762.130,912.130,1912.130,2312.130,2712.130,3112.130,3512.130,Look back 15.00 years and keep that Storage 
FDHD,Reco-Sim,Cumulative-Tape,CERN,TB,0.000,0.000,0.000,0.000,0.000,0.000,0.000,0.000,0.000,Look back 15.00 years and keep that Storage 
FDHD,Reco-Sim,Cumulative-Tape,Global,TB,462.130,612.130,762.130,912.130,1912.130,2312.130,2712.130,3112.130,3512.130,Look back 15.00 years and keep that Storage 
FDHD,Reco-Sim,Cumulative-Tape,Total,TB,924.260,1224.260,1524.260,1824.260,3824.260,4624.260,5424.260,6224.260,7024.260,Look back 15.00 years and keep that Storage 
FDHD,Reco-Data,Cumulative-Tape,US,TB,0.000,0.000,0.000,0.000,0.000,0.000,11.000,44.000,99.000,Look back 15.00 years and keep that Storage 
FDHD,Reco-Data,Cumulative-Tape,CERN,TB,0.000,0.000,0.000,0.000,0.000,0.000,0.000,0.000,0.000,Look back 15.00 years and keep that Storage 
FDHD,Reco-Data,Cumulative-Tape,Global,TB,0.000,0.000,0.000,0.000,0.000,0.000,11.000,44.000,99.000,Look back 15.00 years and keep that Storage 
FDHD,Reco-Data,Cumulative-Tape,Total,TB,0.000,0.000,0.000,0.000,0.000,0.000,22.000,88.000,198.000,Look back 15.00 years and keep that Storage 
FDHD,Test,Cumulative-Disk,US,TB,0.000,0.000,0.000,625.000,2000.000,625.000,569.476,506.073,506.073,Look back 0.50 years and keep that Storage 
FDHD,Test,Cumulative-Disk,CERN,TB,0.000,0.000,0.000,0.000,0.000,0.000,0.000,0.000,0.000,Look back 0.50 years and keep that Storage 
FDHD,Test,Cumulative-Disk,Global,TB,0.000,0.000,0.000,625.000,2000.000,625.000,569.476,506.073,506.073,Look back 0.50 years and keep that Storage 
FDHD,Test,Cumulative-Disk,Total,TB,0.000,0.000,0.000,1250.000,4000.000,1250.000,1138.952,1012.146,1012.146,Look back 0.50 years and keep that Storage 
FDHD,Test,Cumulative-Tape,US,TB,0.000,0.000,0.000,1250.000,4000.000,1250.000,1138.952,1012.146,1012.146,Look back 1.00 years and keep that Storage 
FDHD,Test,Cumulative-Tape,CERN,TB,0.000,0.000,0.000,0.000,0.000,0.000,0.000,0.000,0.000,Look back 1.00 years and keep that Storage 
FDHD,Test,Cumulative-Tape,Global,TB,0.000,0.000,0.000,1250.000,4000.000,1250.000,1138.952,1012.146,1012.146,Look back 1.00 years and keep that Storage 
FDHD,Test,Cumulative-Tape,Total,TB,0.000,0.000,0.000,2500.000,8000.000,2500.000,2277.904,2024.291,2024.291,Look back 1.00 years and keep that Storage 
ND-SAND,Raw-Data,Cumulative-Disk,US,TB,0.000,0.000,0.000,0.000,0.000,0.000,0.000,0.000,37.500,Look back 3.00 years and keep that Storage 
ND-SAND,Raw-Data,Cumulative-Disk,CERN,TB,0.000,0.000,0.000,0.000,0.000,0.000,0.000,0.000,0.000,Look back 3.00 years and keep that Storage 
ND-SAND,Raw-Data,Cumulative-Disk,Global,TB,0.000,0.000,0.000,0.000,0.000,0.000,0.000,0.000,37.500,Look back 3.00 years and keep that Storage 
ND-SAND,Raw-Data,Cumulative-Disk,Total,TB,0.000,0.000,0.000,0.000,0.000,0.000,0.000,0.000,75.000,Look back 3.00 years and keep that Storage 
ND-SAND,Raw-Data,Cumulative-Tape,US,TB,0.000,0.000,0.000,0.000,0.000,0.000,0.000,0.000,75.000,Look back 100.00 years and keep that Storage 
ND-SAND,Raw-Data,Cumulative-Tape,CERN,TB,0.000,0.000,0.000,0.000,0.000,0.000,0.000,0.000,0.000,Look back 100.00 years and keep that Storage 
ND-SAND,Raw-Data,Cumulative-Tape,Global,TB,0.000,0.000,0.000,0.000,0.000,0.000,0.000,0.000,75.000,Look back 100.00 years and keep that Storage 
ND-SAND,Raw-Data,Cumulative-Tape,Total,TB,0.000,0.000,0.000,0.000,0.000,0.000,0.000,0.000,150.000,Look back 100.00 years and keep that Storage 
ND-SAND,Reco-Sim,Cumulative-Tape,US,TB,0.000,12.500,75.000,137.500,200.000,450.000,825.000,1575.000,2325.000,Look back 15.00 years and keep that Storage 
ND-SAND,Reco-Sim,Cumulative-Tape,CERN,TB,0.000,0.000,0.000,0.000,0.000,0.000,0.000,0.000,0.000,Look back 15.00 years and keep that Storage 
ND-SAND,Reco-Sim,Cumulative-Tape,Global,TB,0.000,12.500,75.000,137.500,200.000,450.000,825.000,1575.000,2325.000,Look back 15.00 years and keep that Storage 
ND-SAND,Reco-Sim,Cumulative-Tape,Total,TB,0.000,25.000,150.000,275.000,400.000,900.000,1650.000,3150.000,4650.000,Look back 15.00 years and keep that Storage 
ND-SAND,Reco-Data,Cumulative-Tape,US,TB,0.000,0.000,0.000,0.000,0.000,0.000,0.000,0.000,75.000,Look back 15.00 years and keep that Storage 
ND-SAND,Reco-Data,Cumulative-Tape,CERN,TB,0.000,0.000,0.000,0.000,0.000,0.000,0.000,0.000,0.000,Look back 15.00 years and keep that Storage 
ND-SAND,Reco-Data,Cumulative-Tape,Global,TB,0.000,0.000,0.000,0.000,0.000,0.000,0.000,0.000,75.000,Look back 15.00 years and keep that Storage 
ND-SAND,Reco-Data,Cumulative-Tape,Total,TB,0.000,0.000,0.000,0.000,0.000,0.000,0.000,0.000,150.000,Look back 15.00 years and keep that Storage 
ND-SAND,Test,Cumulative-Disk,US,TB,50.000,50.000,50.000,50.000,250.000,250.000,250.000,250.000,125.000,Look back 0.50 years and keep that Storage 
ND-SAND,Test,Cumulative-Disk,CERN,TB,0.000,0.000,0.000,0.000,0.000,0.000,0.000,0.000,0.000,Look back 0.50 years and keep that Storage 
ND-SAND,Test,Cumulative-Disk,Global,TB,50.000,50.000,50.000,50.000,250.000,250.000,250.000,250.000,125.000,Look back 0.50 years and keep that Storage 
ND-SAND,Test,Cumulative-Disk,Total,TB,100.000,100.000,100.000,100.000,500.000,500.000,500.000,500.000,250.000,Look back 0.50 years and keep that Storage 
ND-SAND,Test,Cumulative-Tape,US,TB,100.000,100.000,100.000,100.000,500.000,500.000,500.000,500.000,250.000,Look back 1.00 years and keep that Storage 
ND-SAND,Test,Cumulative-Tape,CERN,TB,0.000,0.000,0.000,0.000,0.000,0.000,0.000,0.000,0.000,Look back 1.00 years and keep that Storage 
ND-SAND,Test,Cumulative-Tape,Global,TB,100.000,100.000,100.000,100.000,500.000,500.000,500.000,500.000,250.000,Look back 1.00 years and keep that Storage 
ND-SAND,Test,Cumulative-Tape,Total,TB,200.000,200.000,200.000,200.000,1000.000,1000.000,1000.000,1000.000,500.000,Look back 1.00 years and keep that Storage 
ND-LAr+TMS,Raw-Data,Cumulative-Disk,US,TB,0.000,0.000,0.000,0.000,0.000,0.000,0.000,0.000,75.000,Look back 3.00 years and keep that Storage 
ND-LAr+TMS,Raw-Data,Cumulative-Disk,CERN,TB,0.000,0.000,0.000,0.000,0.000,0.000,0.000,0.000,0.000,Look back 3.00 years and keep that Storage 
ND-LAr+TMS,Raw-Data,Cumulative-Disk,Global,TB,0.000,0.000,0.000,0.000,0.000,0.000,0.000,0.000,75.000,Look back 3.00 years and keep that Storage 
ND-LAr+TMS,Raw-Data,Cumulative-Disk,Total,TB,0.000,0.000,0.000,0.000,0.000,0.000,0.000,0.000,150.000,Look back 3.00 years and keep that Storage 
ND-LAr+TMS,Raw-Data,Cumulative-Tape,US,TB,0.000,0.000,0.000,0.000,0.000,0.000,0.000,0.000,150.000,Look back 100.00 years and keep that Storage 
ND-LAr+TMS,Raw-Data,Cumulative-Tape,CERN,TB,0.000,0.000,0.000,0.000,0.000,0.000,0.000,0.000,0.000,Look back 100.00 years and keep that Storage 
ND-LAr+TMS,Raw-Data,Cumulative-Tape,Global,TB,0.000,0.000,0.000,0.000,0.000,0.000,0.000,0.000,150.000,Look back 100.00 years and keep that Storage 
ND-LAr+TMS,Raw-Data,Cumulative-Tape,Total,TB,0.000,0.000,0.000,0.000,0.000,0.000,0.000,0.000,300.000,Look back 100.00 years and keep that Storage 
ND-LAr+TMS,Reco-Sim,Cumulative-Tape,US,TB,0.000,25.000,150.000,275.000,400.000,525.000,650.000,2150.000,3650.000,Look back 15.00 years and keep that Storage 
ND-LAr+TMS,Reco-Sim,Cumulative-Tape,CERN,TB,0.000,0.000,0.000,0.000,0.000,0.000,0.000,0.000,0.000,Look back 15.00 years and keep that Storage 
ND-LAr+TMS,Reco-Sim,Cumulative-Tape,Global,TB,0.000,25.000,150.000,275.000,400.000,525.000,650.000,2150.000,3650.000,Look back 15.00 years and keep that Storage 
ND-LAr+TMS,Reco-Sim,Cumulative-Tape,Total,TB,0.000,50.000,300.000,550.000,800.000,1050.000,1300.000,4300.000,7300.000,Look back 15.00 years and keep that Storage 
ND-LAr+TMS,Reco-Data,Cumulative-Tape,US,TB,0.000,0.000,0.000,0.000,0.000,0.000,0.000,0.000,150.000,Look back 15.00 years and keep that Storage 
ND-LAr+TMS,Reco-Data,Cumulative-Tape,CERN,TB,0.000,0.000,0.000,0.000,0.000,0.000,0.000,0.000,0.000,Look back 15.00 years and keep that Storage 
ND-LAr+TMS,Reco-Data,Cumulative-Tape,Global,TB,0.000,0.000,0.000,0.000,0.000,0.000,0.000,0.000,150.000,Look back 15.00 years and keep that Storage 
ND-LAr+TMS,Reco-Data,Cumulative-Tape,Total,TB,0.000,0.000,0.000,0.000,0.000,0.000,0.000,0.000,300.000,Look back 15.00 years and keep that Storage 
ND-LAr+TMS,Test,Cumulative-Disk,US,TB,25.000,250.000,250.000,250.000,250.000,250.000,250.000,250.000,125.000,Look back 0.50 years and keep that Storage 
ND-LAr+TMS,Test,Cumulative-Disk,CERN,TB,0.000,0.000,0.000,0.000,0.000,0.000,0.000,0.000,0.000,Look back 0.50 years and keep that Storage 
ND-LAr+TMS,Test,Cumulative-Disk,Global,TB,25.000,250.000,250.000,250.000,250.000,250.000,250.000,250.000,125.000,Look back 0.50 years and keep that Storage 
ND-LAr+TMS,Test,Cumulative-Disk,Total,TB,50.000,500.000,500.000,500.000,500.000,500.000,500.000,500.000,250.000,Look back 0.50 years and keep that Storage 
ND-LAr+TMS,Test,Cumulative-Tape,US,TB,50.000,500.000,500.000,500.000,500.000,500.000,500.000,500.000,250.000,Look back 1.00 years and keep that Storage 
ND-LAr+TMS,Test,Cumulative-Tape,CERN,TB,0.000,0.000,0.000,0.000,0.000,0.000,0.000,0.000,0.000,Look back 1.00 years and keep that Storage 
ND-LAr+TMS,Test,Cumulative-Tape,Global,TB,50.000,500.000,500.000,500.000,500.000,500.000,500.000,500.000,250.000,Look back 1.00 years and keep that Storage 
ND-LAr+TMS,Test,Cumulative-Tape,Total,TB,100.000,1000.000,1000.000,1000.000,1000.000,1000.000,1000.000,1000.000,500.000,Look back 1.00 years and keep that Storage 
SP,Reco-Data,Cumulative-Disk,US,TB,0.000,0.000,0.000,0.000,0.000,0.000,0.000,0.000,0.000,Extend disk by 2.00 years as still analyzing
SP,Reco-Data,Cumulative-Disk,CERN,TB,0.000,0.000,0.000,0.000,0.000,0.000,0.000,0.000,0.000,Extend disk by 2.00 years as still analyzing
SP,Reco-Data,Cumulative-Disk,Global,TB,0.000,0.000,0.000,0.000,0.000,0.000,0.000,0.000,0.000,Extend disk by 2.00 years as still analyzing
SP,Reco-Data,Cumulative-Disk,Total,TB,0.000,0.000,0.000,0.000,0.000,0.000,0.000,0.000,0.000,Extend disk by 2.00 years as still analyzing
SP,Reco-Sim,Cumulative-Disk,US,TB,891.082,891.082,891.082,891.082,0.000,0.000,0.000,0.000,0.000,Extend disk by 2.00 years as still analyzing
SP,Reco-Sim,Cumulative-Disk,CERN,TB,0.000,0.000,0.000,0.000,0.000,0.000,0.000,0.000,0.000,Extend disk by 2.00 years as still analyzing
SP,Reco-Sim,Cumulative-Disk,Global,TB,2673.247,2673.247,2673.247,2673.247,0.000,0.000,0.000,0.000,0.000,Extend disk by 2.00 years as still analyzing
SP,Reco-Sim,Cumulative-Disk,Total,TB,3564.330,3564.330,3564.330,3564.330,0.000,0.000,0.000,0.000,0.000,Extend disk by 2.00 years as still analyzing
DP,Reco-Data,Cumulative-Disk,US,TB,41.405,41.405,41.405,41.405,0.000,0.000,0.000,0.000,0.000,Extend disk by 2.00 years as still analyzing
DP,Reco-Data,Cumulative-Disk,CERN,TB,0.000,0.000,0.000,0.000,0.000,0.000,0.000,0.000,0.000,Extend disk by 2.00 years as still analyzing
DP,Reco-Data,Cumulative-Disk,Global,TB,124.215,124.215,124.215,124.215,0.000,0.000,0.000,0.000,0.000,Extend disk by 2.00 years as still analyzing
DP,Reco-Data,Cumulative-Disk,Total,TB,165.620,165.620,165.620,165.620,0.000,0.000,0.000,0.000,0.000,Extend disk by 2.00 years as still analyzing
DP,Reco-Sim,Cumulative-Disk,US,TB,0.000,0.000,0.000,0.000,0.000,0.000,0.000,0.000,0.000,Extend disk by 2.00 years as still analyzing
DP,Reco-Sim,Cumulative-Disk,CERN,TB,0.000,0.000,0.000,0.000,0.000,0.000,0.000,0.000,0.000,Extend disk by 2.00 years as still analyzing
DP,Reco-Sim,Cumulative-Disk,Global,TB,0.000,0.000,0.000,0.000,0.000,0.000,0.000,0.000,0.000,Extend disk by 2.00 years as still analyzing
DP,Reco-Sim,Cumulative-Disk,Total,TB,0.000,0.000,0.000,0.000,0.000,0.000,0.000,0.000,0.000,Extend disk by 2.00 years as still analyzing
Coldbox,Reco-Data,Cumulative-Disk,US,TB,0.000,0.000,0.000,0.000,0.000,0.000,0.000,0.000,0.000,Extend disk by 2.00 years as still analyzing
Coldbox,Reco-Data,Cumulative-Disk,CERN,TB,0.000,0.000,0.000,0.000,0.000,0.000,0.000,0.000,0.000,Extend disk by 2.00 years as still analyzing
Coldbox,Reco-Data,Cumulative-Disk,Global,TB,0.000,0.000,0.000,0.000,0.000,0.000,0.000,0.000,0.000,Extend disk by 2.00 years as still analyzing
Coldbox,Reco-Data,Cumulative-Disk,Total,TB,0.000,0.000,0.000,0.000,0.000,0.000,0.000,0.000,0.000,Extend disk by 2.00 years as still analyzing
Coldbox,Reco-Sim,Cumulative-Disk,US,TB,0.000,0.000,0.000,0.000,0.000,0.000,0.000,0.000,0.000,Extend disk by 2.00 years as still analyzing
Coldbox,Reco-Sim,Cumulative-Disk,CERN,TB,0.000,0.000,0.000,0.000,0.000,0.000,0.000,0.000,0.000,Extend disk by 2.00 years as still analyzing
Coldbox,Reco-Sim,Cumulative-Disk,Global,TB,0.000,0.000,0.000,0.000,0.000,0.000,0.000,0.000,0.000,Extend disk by 2.00 years as still analyzing
Coldbox,Reco-Sim,Cumulative-Disk,Total,TB,0.000,0.000,0.000,0.000,0.000,0.000,0.000,0.000,0.000,Extend disk by 2.00 years as still analyzing
PDHD,Reco-Data,Cumulative-Disk,US,TB,595.000,1190.000,1190.000,1190.000,1190.000,1190.000,0.000,0.000,0.000,Extend disk by 2.00 years as still analyzing
PDHD,Reco-Data,Cumulative-Disk,CERN,TB,0.000,0.000,0.000,0.000,0.000,0.000,0.000,0.000,0.000,Extend disk by 2.00 years as still analyzing
PDHD,Reco-Data,Cumulative-Disk,Global,TB,1785.000,3570.000,3570.000,3570.000,3570.000,3570.000,0.000,0.000,0.000,Extend disk by 2.00 years as still analyzing
PDHD,Reco-Data,Cumulative-Disk,Total,TB,2380.000,4760.000,4760.000,4760.000,4760.000,4760.000,0.000,0.000,0.000,Extend disk by 2.00 years as still analyzing
PDHD,Reco-Sim,Cumulative-Disk,US,TB,214.500,627.000,825.000,825.000,825.000,825.000,825.000,0.000,0.000,Extend disk by 2.00 years as still analyzing
PDHD,Reco-Sim,Cumulative-Disk,CERN,TB,0.000,0.000,0.000,0.000,0.000,0.000,0.000,0.000,0.000,Extend disk by 2.00 years as still analyzing
PDHD,Reco-Sim,Cumulative-Disk,Global,TB,643.500,1881.000,2475.000,2475.000,2475.000,2475.000,2475.000,0.000,0.000,Extend disk by 2.00 years as still analyzing
PDHD,Reco-Sim,Cumulative-Disk,Total,TB,858.000,2508.000,3300.000,3300.000,3300.000,3300.000,3300.000,0.000,0.000,Extend disk by 2.00 years as still analyzing
PDVD,Reco-Data,Cumulative-Disk,US,TB,51.000,402.000,753.000,753.000,753.000,753.000,753.000,753.000,0.000,Extend disk by 2.00 years as still analyzing
PDVD,Reco-Data,Cumulative-Disk,CERN,TB,0.000,0.000,0.000,0.000,0.000,0.000,0.000,0.000,0.000,Extend disk by 2.00 years as still analyzing
PDVD,Reco-Data,Cumulative-Disk,Global,TB,153.000,1206.000,2259.000,2259.000,2259.000,2259.000,2259.000,2259.000,0.000,Extend disk by 2.00 years as still analyzing
PDVD,Reco-Data,Cumulative-Disk,Total,TB,204.000,1608.000,3012.000,3012.000,3012.000,3012.000,3012.000,3012.000,0.000,Extend disk by 2.00 years as still analyzing
PDVD,Reco-Sim,Cumulative-Disk,US,TB,15.345,436.095,841.500,841.500,841.500,841.500,841.500,0.000,0.000,Extend disk by 2.00 years as still analyzing
PDVD,Reco-Sim,Cumulative-Disk,CERN,TB,0.000,0.000,0.000,0.000,0.000,0.000,0.000,0.000,0.000,Extend disk by 2.00 years as still analyzing
PDVD,Reco-Sim,Cumulative-Disk,Global,TB,46.035,1308.285,2524.500,2524.500,2524.500,2524.500,2524.500,0.000,0.000,Extend disk by 2.00 years as still analyzing
PDVD,Reco-Sim,Cumulative-Disk,Total,TB,61.380,1744.380,3366.000,3366.000,3366.000,3366.000,3366.000,0.000,0.000,Extend disk by 2.00 years as still analyzing
FDVD,Reco-Data,Cumulative-Disk,US,TB,0.000,0.000,0.000,0.000,0.000,0.000,22.000,66.000,110.000,Extend disk by 2.00 years as still analyzing
FDVD,Reco-Data,Cumulative-Disk,CERN,TB,0.000,0.000,0.000,0.000,0.000,0.000,0.000,0.000,0.000,Extend disk by 2.00 years as still analyzing
FDVD,Reco-Data,Cumulative-Disk,Global,TB,0.000,0.000,0.000,0.000,0.000,0.000,66.000,198.000,330.000,Extend disk by 2.00 years as still analyzing
FDVD,Reco-Data,Cumulative-Disk,Total,TB,0.000,0.000,0.000,0.000,0.000,0.000,88.000,264.000,440.000,Extend disk by 2.00 years as still analyzing
FDVD,Reco-Sim,Cumulative-Disk,US,TB,140.895,193.770,225.000,225.000,900.000,1102.500,1102.500,1102.500,1102.500,Extend disk by 2.00 years as still analyzing
FDVD,Reco-Sim,Cumulative-Disk,CERN,TB,0.000,0.000,0.000,0.000,0.000,0.000,0.000,0.000,0.000,Extend disk by 2.00 years as still analyzing
FDVD,Reco-Sim,Cumulative-Disk,Global,TB,422.685,581.310,675.000,675.000,2700.000,3307.500,3307.500,3307.500,3307.500,Extend disk by 2.00 years as still analyzing
FDVD,Reco-Sim,Cumulative-Disk,Total,TB,563.580,775.080,900.000,900.000,3600.000,4410.000,4410.000,4410.000,4410.000,Extend disk by 2.00 years as still analyzing
FDHD,Reco-Data,Cumulative-Disk,US,TB,0.000,0.000,0.000,0.000,0.000,0.000,11.000,44.000,88.000,Extend disk by 2.00 years as still analyzing
FDHD,Reco-Data,Cumulative-Disk,CERN,TB,0.000,0.000,0.000,0.000,0.000,0.000,0.000,0.000,0.000,Extend disk by 2.00 years as still analyzing
FDHD,Reco-Data,Cumulative-Disk,Global,TB,0.000,0.000,0.000,0.000,0.000,0.000,33.000,132.000,264.000,Extend disk by 2.00 years as still analyzing
FDHD,Reco-Data,Cumulative-Disk,Total,TB,0.000,0.000,0.000,0.000,0.000,0.000,44.000,176.000,352.000,Extend disk by 2.00 years as still analyzing
FDHD,Reco-Sim,Cumulative-Disk,US,TB,332.903,282.218,225.000,225.000,862.500,1050.000,1050.000,1050.000,1050.000,Extend disk by 2.00 years as still analyzing
FDHD,Reco-Sim,Cumulative-Disk,CERN,TB,0.000,0.000,0.000,0.000,0.000,0.000,0.000,0.000,0.000,Extend disk by 2.00 years as still analyzing
FDHD,Reco-Sim,Cumulative-Disk,Global,TB,998.708,846.653,675.000,675.000,2587.500,3150.000,3150.000,3150.000,3150.000,Extend disk by 2.00 years as still analyzing
FDHD,Reco-Sim,Cumulative-Disk,Total,TB,1331.610,1128.870,900.000,900.000,3450.000,4200.000,4200.000,4200.000,4200.000,Extend disk by 2.00 years as still analyzing
ND-SAND,Reco-Data,Cumulative-Disk,US,TB,0.000,0.000,0.000,0.000,0.000,0.000,0.000,0.000,75.000,Extend disk by 2.00 years as still analyzing
ND-SAND,Reco-Data,Cumulative-Disk,CERN,TB,0.000,0.000,0.000,0.000,0.000,0.000,0.000,0.000,0.000,Extend disk by 2.00 years as still analyzing
ND-SAND,Reco-Data,Cumulative-Disk,Global,TB,0.000,0.000,0.000,0.000,0.000,0.000,0.000,0.000,225.000,Extend disk by 2.00 years as still analyzing
ND-SAND,Reco-Data,Cumulative-Disk,Total,TB,0.000,0.000,0.000,0.000,0.000,0.000,0.000,0.000,300.000,Extend disk by 2.00 years as still analyzing
ND-SAND,Reco-Sim,Cumulative-Disk,US,TB,0.000,9.375,56.250,93.750,93.750,234.375,468.750,843.750,1125.000,Extend disk by 2.00 years as still analyzing
ND-SAND,Reco-Sim,Cumulative-Disk,CERN,TB,0.000,0.000,0.000,0.000,0.000,0.000,0.000,0.000,0.000,Extend disk by 2.00 years as still analyzing
ND-SAND,Reco-Sim,Cumulative-Disk,Global,TB,0.000,28.125,168.750,281.250,281.250,703.125,1406.250,2531.250,3375.000,Extend disk by 2.00 years as still analyzing
ND-SAND,Reco-Sim,Cumulative-Disk,Total,TB,0.000,37.500,225.000,375.000,375.000,937.500,1875.000,3375.000,4500.000,Extend disk by 2.00 years as still analyzing
ND-LAr+TMS,Reco-Data,Cumulative-Disk,US,TB,0.000,0.000,0.000,0.000,0.000,0.000,0.000,0.000,150.000,Extend disk by 2.00 years as still analyzing
ND-LAr+TMS,Reco-Data,Cumulative-Disk,CERN,TB,0.000,0.000,0.000,0.000,0.000,0.000,0.000,0.000,0.000,Extend disk by 2.00 years as still analyzing
ND-LAr+TMS,Reco-Data,Cumulative-Disk,Global,TB,0.000,0.000,0.000,0.000,0.000,0.000,0.000,0.000,450.000,Extend disk by 2.00 years as still analyzing
ND-LAr+TMS,Reco-Data,Cumulative-Disk,Total,TB,0.000,0.000,0.000,0.000,0.000,0.000,0.000,0.000,600.000,Extend disk by 2.00 years as still analyzing
ND-LAr+TMS,Reco-Sim,Cumulative-Disk,US,TB,0.000,18.750,112.500,187.500,187.500,187.500,187.500,1218.750,2250.000,Extend disk by 2.00 years as still analyzing
ND-LAr+TMS,Reco-Sim,Cumulative-Disk,CERN,TB,0.000,0.000,0.000,0.000,0.000,0.000,0.000,0.000,0.000,Extend disk by 2.00 years as still analyzing
ND-LAr+TMS,Reco-Sim,Cumulative-Disk,Global,TB,0.000,56.250,337.500,562.500,562.500,562.500,562.500,3656.250,6750.000,Extend disk by 2.00 years as still analyzing
ND-LAr+TMS,Reco-Sim,Cumulative-Disk,Total,TB,0.000,75.000,450.000,750.000,750.000,750.000,750.000,4875.000,9000.000,Extend disk by 2.00 years as still analyzing
Total,Raw-Data,Tape,US,TB,5321.000,3300.000,561.000,0.000,0.000,0.000,19794.989,20931.174,21156.174,Sum across storage types
Total,Raw-Data,Tape,CERN,TB,5321.000,3300.000,561.000,0.000,0.000,0.000,0.000,0.000,0.000,Sum across storage types
Total,Raw-Data,Tape,Global,TB,0.000,0.000,0.000,0.000,0.000,0.000,19794.989,20931.174,21156.174,Sum across storage types
Total,Raw-Data,Tape,Total,TB,10642.000,6600.000,1122.000,0.000,0.000,0.000,39589.977,41862.348,42312.348,Sum across storage types
Total,Raw-Data,Disk,US,TB,2660.500,1650.000,280.500,0.000,0.000,0.000,9897.494,10465.587,10578.087,Sum across storage types
Total,Raw-Data,Disk,CERN,TB,2660.500,1650.000,280.500,0.000,0.000,0.000,0.000,0.000,0.000,Sum across storage types
Total,Raw-Data,Disk,Global,TB,0.000,0.000,0.000,0.000,0.000,0.000,9897.494,10465.587,10578.087,Sum across storage types
Total,Raw-Data,Disk,Total,TB,5321.000,3300.000,561.000,0.000,0.000,0.000,19794.989,20931.174,21156.174,Sum across storage types
Total,Raw-Data,Cumulative-Tape,US,TB,5451.130,8751.130,9312.130,9312.130,9312.130,9312.130,29107.119,50038.293,71194.467,Sum across storage types
Total,Raw-Data,Cumulative-Tape,CERN,TB,5451.130,8751.130,9312.130,9312.130,9312.130,9312.130,9312.130,9312.130,9312.130,Sum across storage types
Total,Raw-Data,Cumulative-Tape,Global,TB,0.000,0.000,0.000,0.000,0.000,0.000,19794.989,40726.163,61882.337,Sum across storage types
Total,Raw-Data,Cumulative-Tape,Total,TB,10902.260,17502.260,18624.260,18624.260,18624.260,18624.260,58214.237,100076.585,142388.934,Sum across storage types
Total,Raw-Data,Cumulative-Disk,US,TB,2725.565,4310.500,4591.000,1930.500,280.500,0.000,9897.494,20363.081,21043.674,Sum across storage types
Total,Raw-Data,Cumulative-Disk,CERN,TB,2725.565,4310.500,4591.000,1930.500,280.500,0.000,0.000,0.000,0.000,Sum across storage types
Total,Raw-Data,Cumulative-Disk,Global,TB,0.000,0.000,0.000,0.000,0.000,0.000,9897.494,20363.081,21043.674,Sum across storage types
Total,Raw-Data,Cumulative-Disk,Total,TB,5451.130,8621.000,9182.000,3861.000,561.000,0.000,19794.989,40726.163,42087.348,Sum across storage types
Total,Reco-Sim,Tape,US,TB,1143.370,2559.500,2709.500,2709.500,2237.500,1195.000,1320.000,3070.000,3070.000,Sum across storage types
Total,Reco-Sim,Tape,CERN,TB,0.000,0.000,0.000,0.000,0.000,0.000,0.000,0.000,0.000,Sum across storage types
Total,Reco-Sim,Tape,Global,TB,334.650,337.500,487.500,487.500,2237.500,1195.000,1320.000,3070.000,3070.000,Sum across storage types
Total,Reco-Sim,Tape,Total,TB,1478.020,2897.000,3197.000,3197.000,4475.000,2390.000,2640.000,6140.000,6140.000,Sum across storage types
Total,Reco-Sim,Disk,US,TB,554.258,1086.375,1198.875,1198.875,1678.125,896.250,990.000,2302.500,2302.500,Sum across storage types
Total,Reco-Sim,Disk,CERN,TB,0.000,0.000,0.000,0.000,0.000,0.000,0.000,0.000,0.000,Sum across storage types
Total,Reco-Sim,Disk,Global,TB,1662.773,3259.125,3596.625,3596.625,5034.375,2688.750,2970.000,6907.500,6907.500,Sum across storage types
Total,Reco-Sim,Disk,Total,TB,2217.030,4345.500,4795.500,4795.500,6712.500,3585.000,3960.000,9210.000,9210.000,Sum across storage types
Total,Reco-Sim,Cumulative-Tape,US,TB,5489.640,8049.140,10758.640,13468.140,15705.640,16900.640,18220.640,21290.640,24360.640,Sum across storage types
Total,Reco-Sim,Cumulative-Tape,CERN,TB,0.000,0.000,0.000,0.000,0.000,0.000,0.000,0.000,0.000,Sum across storage types
Total,Reco-Sim,Cumulative-Tape,Global,TB,1562.200,1899.700,2387.200,2874.700,5112.200,6307.200,7627.200,10697.200,13767.200,Sum across storage types
Total,Reco-Sim,Cumulative-Tape,Total,TB,7051.840,9948.840,13145.840,16342.840,20817.840,23207.840,25847.840,31987.840,38127.840,Sum across storage types
Total,Reco-Sim,Cumulative-Disk,US,TB,1594.725,2458.290,3176.332,3288.832,3710.250,4240.875,4475.250,4215.000,5527.500,Sum across storage types
Total,Reco-Sim,Cumulative-Disk,CERN,TB,0.000,0.000,0.000,0.000,0.000,0.000,0.000,0.000,0.000,Sum across storage types
Total,Reco-Sim,Cumulative-Disk,Global,TB,4784.175,7374.870,9528.997,9866.497,11130.750,12722.625,13425.750,12645.000,16582.500,Sum across storage types
Total,Reco-Sim,Cumulative-Disk,Total,TB,6378.900,9833.160,12705.330,13155.330,14841.000,16963.500,17901.000,16860.000,22110.000,Sum across storage types
Total,Reco-Data,Tape,US,TB,1333.405,1892.000,1994.000,702.000,102.000,0.000,33.000,77.000,346.000,Sum across storage types
Total,Reco-Data,Tape,CERN,TB,0.000,0.000,0.000,0.000,0.000,0.000,0.000,0.000,0.000,Sum across storage types
Total,Reco-Data,Tape,Global,TB,0.000,0.000,0.000,0.000,0.000,0.000,33.000,77.000,346.000,Sum across storage types
Total,Reco-Data,Tape,Total,TB,1333.405,1892.000,1994.000,702.000,102.000,0.000,66.000,154.000,692.000,Sum across storage types
Total,Reco-Data,Disk,US,TB,666.702,946.000,997.000,351.000,51.000,0.000,33.000,77.000,346.000,Sum across storage types
Total,Reco-Data,Disk,CERN,TB,0.000,0.000,0.000,0.000,0.000,0.000,0.000,0.000,0.000,Sum across storage types
Total,Reco-Data,Disk,Global,TB,2000.108,2838.000,2991.000,1053.000,153.000,0.000,99.000,231.000,1038.000,Sum across storage types
Total,Reco-Data,Disk,Total,TB,2666.810,3784.000,3988.000,1404.000,204.000,0.000,132.000,308.000,1384.000,Sum across storage types
Total,Reco-Data,Cumulative-Tape,US,TB,1416.215,3308.215,5302.215,6004.215,6106.215,6106.215,6139.215,6216.215,6562.215,Sum across storage types
Total,Reco-Data,Cumulative-Tape,CERN,TB,0.000,0.000,0.000,0.000,0.000,0.000,0.000,0.000,0.000,Sum across storage types
Total,Reco-Data,Cumulative-Tape,Global,TB,0.000,0.000,0.000,0.000,0.000,0.000,33.000,110.000,456.000,Sum across storage types
Total,Reco-Data,Cumulative-Tape,Total,TB,1416.215,3308.215,5302.215,6004.215,6106.215,6106.215,6172.215,6326.215,7018.215,Sum across storage types
Total,Reco-Data,Cumulative-Disk,US,TB,687.405,1633.405,1984.405,1984.405,1943.000,1943.000,786.000,863.000,423.000,Sum across storage types
Total,Reco-Data,Cumulative-Disk,CERN,TB,0.000,0.000,0.000,0.000,0.000,0.000,0.000,0.000,0.000,Sum across storage types
Total,Reco-Data,Cumulative-Disk,Global,TB,2062.215,4900.215,5953.215,5953.215,5829.000,5829.000,2358.000,2589.000,1269.000,Sum across storage types
Total,Reco-Data,Cumulative-Disk,Total,TB,2749.620,6533.620,7937.620,7937.620,7772.000,7772.000,3144.000,3452.000,1692.000,Sum across storage types
Total,Test,Tape,US,TB,270.800,850.000,850.000,3150.000,9200.000,3550.000,3323.462,3064.777,2564.777,Sum across storage types
Total,Test,Tape,CERN,TB,120.800,250.000,250.000,0.000,0.000,0.000,0.000,0.000,0.000,Sum across storage types
Total,Test,Tape,Global,TB,150.000,600.000,600.000,3150.000,9200.000,3550.000,3323.462,3064.777,2564.777,Sum across storage types
Total,Test,Tape,Total,TB,541.600,1700.000,1700.000,6300.000,18400.000,7100.000,6646.925,6129.555,5129.555,Sum across storage types
Total,Test,Disk,US,TB,270.800,850.000,850.000,3150.000,9200.000,3550.000,3323.462,3064.777,2564.777,Sum across storage types
Total,Test,Disk,CERN,TB,120.800,250.000,250.000,0.000,0.000,0.000,0.000,0.000,0.000,Sum across storage types
Total,Test,Disk,Global,TB,150.000,600.000,600.000,3150.000,9200.000,3550.000,3323.462,3064.777,2564.777,Sum across storage types
Total,Test,Disk,Total,TB,541.600,1700.000,1700.000,6300.000,18400.000,7100.000,6646.925,6129.555,5129.555,Sum across storage types
Total,Test,Cumulative-Tape,US,TB,270.800,850.000,850.000,3150.000,9200.000,3550.000,3323.462,3064.777,2564.777,Sum across storage types
Total,Test,Cumulative-Tape,CERN,TB,120.800,250.000,250.000,0.000,0.000,0.000,0.000,0.000,0.000,Sum across storage types
Total,Test,Cumulative-Tape,Global,TB,150.000,600.000,600.000,3150.000,9200.000,3550.000,3323.462,3064.777,2564.777,Sum across storage types
Total,Test,Cumulative-Tape,Total,TB,541.600,1700.000,1700.000,6300.000,18400.000,7100.000,6646.925,6129.555,5129.555,Sum across storage types
Total,Test,Cumulative-Disk,US,TB,135.400,425.000,425.000,1575.000,4600.000,1775.000,1661.731,1532.389,1282.389,Sum across storage types
Total,Test,Cumulative-Disk,CERN,TB,60.400,125.000,125.000,0.000,0.000,0.000,0.000,0.000,0.000,Sum across storage types
Total,Test,Cumulative-Disk,Global,TB,75.000,300.000,300.000,1575.000,4600.000,1775.000,1661.731,1532.389,1282.389,Sum across storage types
Total,Test,Cumulative-Disk,Total,TB,270.800,850.000,850.000,3150.000,9200.000,3550.000,3323.462,3064.777,2564.777,Sum across storage types
Total,TP,Tape,US,TB,839.500,500.000,0.000,3050.000,3050.000,3050.000,2779.043,2469.636,2469.636,Sum across storage types
Total,TP,Tape,CERN,TB,839.500,500.000,0.000,0.000,0.000,0.000,0.000,0.000,0.000,Sum across storage types
Total,TP,Tape,Global,TB,0.000,0.000,0.000,3050.000,3050.000,3050.000,2779.043,2469.636,2469.636,Sum across storage types
Total,TP,Tape,Total,TB,1679.000,1000.000,0.000,6100.000,6100.000,6100.000,5558.087,4939.271,4939.271,Sum across storage types
Total,TP,Disk,US,TB,839.500,500.000,0.000,3050.000,3050.000,3050.000,2779.043,2469.636,2469.636,Sum across storage types
Total,TP,Disk,CERN,TB,839.500,500.000,0.000,0.000,0.000,0.000,0.000,0.000,0.000,Sum across storage types
Total,TP,Disk,Global,TB,0.000,0.000,0.000,3050.000,3050.000,3050.000,2779.043,2469.636,2469.636,Sum across storage types
Total,TP,Disk,Total,TB,1679.000,1000.000,0.000,6100.000,6100.000,6100.000,5558.087,4939.271,4939.271,Sum across storage types
Total,TP,Cumulative-Tape,US,TB,839.650,1339.650,1339.650,4389.650,7439.650,10489.650,13268.693,15738.329,18207.965,Sum across storage types
Total,TP,Cumulative-Tape,CERN,TB,839.650,1339.650,1339.650,1339.650,1339.650,1339.650,1339.650,1339.650,1339.650,Sum across storage types
Total,TP,Cumulative-Tape,Global,TB,0.000,0.000,0.000,3050.000,6100.000,9150.000,11929.043,14398.679,16868.315,Sum across storage types
Total,TP,Cumulative-Tape,Total,TB,1679.300,2679.300,2679.300,8779.300,14879.300,20979.300,26537.387,31476.658,36415.929,Sum across storage types
Total,TP,Cumulative-Disk,US,TB,419.750,250.000,0.000,1525.000,1525.000,1525.000,1389.522,1234.818,1234.818,Sum across storage types
Total,TP,Cumulative-Disk,CERN,TB,419.750,250.000,0.000,0.000,0.000,0.000,0.000,0.000,0.000,Sum across storage types
Total,TP,Cumulative-Disk,Global,TB,0.000,0.000,0.000,1525.000,1525.000,1525.000,1389.522,1234.818,1234.818,Sum across storage types
Total,TP,Cumulative-Disk,Total,TB,839.500,500.000,0.000,3050.000,3050.000,3050.000,2779.043,2469.636,2469.636,Sum across storage types
SP,Total,Tape,US,TB,195.800,0.000,0.000,0.000,0.000,0.000,0.000,0.000,0.000,Sum across storage types
SP,Total,Tape,CERN,TB,0.000,0.000,0.000,0.000,0.000,0.000,0.000,0.000,0.000,Sum across storage types
SP,Total,Tape,Global,TB,0.000,0.000,0.000,0.000,0.000,0.000,0.000,0.000,0.000,Sum across storage types
SP,Total,Tape,Total,TB,195.800,0.000,0.000,0.000,0.000,0.000,0.000,0.000,0.000,Sum across storage types
SP,Total,Disk,US,TB,73.425,0.000,0.000,0.000,0.000,0.000,0.000,0.000,0.000,Sum across storage types
SP,Total,Disk,CERN,TB,0.000,0.000,0.000,0.000,0.000,0.000,0.000,0.000,0.000,Sum across storage types
SP,Total,Disk,Global,TB,220.275,0.000,0.000,0.000,0.000,0.000,0.000,0.000,0.000,Sum across storage types
SP,Total,Disk,Total,TB,293.700,0.000,0.000,0.000,0.000,0.000,0.000,0.000,0.000,Sum across storage types
SP,Total,Cumulative-Tape,US,TB,3314.520,3314.520,3314.520,3314.520,3314.520,3314.520,3314.520,3314.520,3314.520,Sum across storage types
SP,Total,Cumulative-Tape,CERN,TB,0.000,0.000,0.000,0.000,0.000,0.000,0.000,0.000,0.000,Sum across storage types
SP,Total,Cumulative-Tape,Global,TB,0.000,0.000,0.000,0.000,0.000,0.000,0.000,0.000,0.000,Sum across storage types
SP,Total,Cumulative-Tape,Total,TB,3314.520,3314.520,3314.520,3314.520,3314.520,3314.520,3314.520,3314.520,3314.520,Sum across storage types
SP,Total,Cumulative-Disk,US,TB,891.082,891.082,891.082,891.082,0.000,0.000,0.000,0.000,0.000,Sum across storage types
SP,Total,Cumulative-Disk,CERN,TB,0.000,0.000,0.000,0.000,0.000,0.000,0.000,0.000,0.000,Sum across storage types
SP,Total,Cumulative-Disk,Global,TB,2673.247,2673.247,2673.247,2673.247,0.000,0.000,0.000,0.000,0.000,Sum across storage types
SP,Total,Cumulative-Disk,Total,TB,3564.330,3564.330,3564.330,3564.330,0.000,0.000,0.000,0.000,0.000,Sum across storage types
DP,Total,Tape,US,TB,41.405,0.000,0.000,0.000,0.000,0.000,0.000,0.000,0.000,Sum across storage types
DP,Total,Tape,CERN,TB,0.000,0.000,0.000,0.000,0.000,0.000,0.000,0.000,0.000,Sum across storage types
DP,Total,Tape,Global,TB,0.000,0.000,0.000,0.000,0.000,0.000,0.000,0.000,0.000,Sum across storage types
DP,Total,Tape,Total,TB,41.405,0.000,0.000,0.000,0.000,0.000,0.000,0.000,0.000,Sum across storage types
DP,Total,Disk,US,TB,20.703,0.000,0.000,0.000,0.000,0.000,0.000,0.000,0.000,Sum across storage types
DP,Total,Disk,CERN,TB,0.000,0.000,0.000,0.000,0.000,0.000,0.000,0.000,0.000,Sum across storage types
DP,Total,Disk,Global,TB,62.108,0.000,0.000,0.000,0.000,0.000,0.000,0.000,0.000,Sum across storage types
DP,Total,Disk,Total,TB,82.810,0.000,0.000,0.000,0.000,0.000,0.000,0.000,0.000,Sum across storage types
DP,Total,Cumulative-Tape,US,TB,254.345,254.345,254.345,254.345,254.345,254.345,254.345,254.345,254.345,Sum across storage types
DP,Total,Cumulative-Tape,CERN,TB,130.130,130.130,130.130,130.130,130.130,130.130,130.130,130.130,130.130,Sum across storage types
DP,Total,Cumulative-Tape,Global,TB,0.000,0.000,0.000,0.000,0.000,0.000,0.000,0.000,0.000,Sum across storage types
DP,Total,Cumulative-Tape,Total,TB,384.475,384.475,384.475,384.475,384.475,384.475,384.475,384.475,384.475,Sum across storage types
DP,Total,Cumulative-Disk,US,TB,106.470,41.405,41.405,41.405,0.000,0.000,0.000,0.000,0.000,Sum across storage types
DP,Total,Cumulative-Disk,CERN,TB,65.065,0.000,0.000,0.000,0.000,0.000,0.000,0.000,0.000,Sum across storage types
DP,Total,Cumulative-Disk,Global,TB,124.215,124.215,124.215,124.215,0.000,0.000,0.000,0.000,0.000,Sum across storage types
DP,Total,Cumulative-Disk,Total,TB,295.750,165.620,165.620,165.620,0.000,0.000,0.000,0.000,0.000,Sum across storage types
Coldbox,Total,Tape,US,TB,75.700,0.000,0.000,0.000,0.000,0.000,0.000,0.000,0.000,Sum across storage types
Coldbox,Total,Tape,CERN,TB,75.700,0.000,0.000,0.000,0.000,0.000,0.000,0.000,0.000,Sum across storage types
Coldbox,Total,Tape,Global,TB,0.000,0.000,0.000,0.000,0.000,0.000,0.000,0.000,0.000,Sum across storage types
Coldbox,Total,Tape,Total,TB,151.400,0.000,0.000,0.000,0.000,0.000,0.000,0.000,0.000,Sum across storage types
Coldbox,Total,Disk,US,TB,75.700,0.000,0.000,0.000,0.000,0.000,0.000,0.000,0.000,Sum across storage types
Coldbox,Total,Disk,CERN,TB,75.700,0.000,0.000,0.000,0.000,0.000,0.000,0.000,0.000,Sum across storage types
Coldbox,Total,Disk,Global,TB,0.000,0.000,0.000,0.000,0.000,0.000,0.000,0.000,0.000,Sum across storage types
Coldbox,Total,Disk,Total,TB,151.400,0.000,0.000,0.000,0.000,0.000,0.000,0.000,0.000,Sum across storage types
Coldbox,Total,Cumulative-Tape,US,TB,75.700,0.000,0.000,0.000,0.000,0.000,0.000,0.000,0.000,Sum across storage types
Coldbox,Total,Cumulative-Tape,CERN,TB,75.700,0.000,0.000,0.000,0.000,0.000,0.000,0.000,0.000,Sum across storage types
Coldbox,Total,Cumulative-Tape,Global,TB,0.000,0.000,0.000,0.000,0.000,0.000,0.000,0.000,0.000,Sum across storage types
Coldbox,Total,Cumulative-Tape,Total,TB,151.400,0.000,0.000,0.000,0.000,0.000,0.000,0.000,0.000,Sum across storage types
Coldbox,Total,Cumulative-Disk,US,TB,37.850,0.000,0.000,0.000,0.000,0.000,0.000,0.000,0.000,Sum across storage types
Coldbox,Total,Cumulative-Disk,CERN,TB,37.850,0.000,0.000,0.000,0.000,0.000,0.000,0.000,0.000,Sum across storage types
Coldbox,Total,Cumulative-Disk,Global,TB,0.000,0.000,0.000,0.000,0.000,0.000,0.000,0.000,0.000,Sum across storage types
Coldbox,Total,Cumulative-Disk,Total,TB,75.700,0.000,0.000,0.000,0.000,0.000,0.000,0.000,0.000,Sum across storage types
PDHD,Total,Tape,US,TB,7406.500,2290.000,2290.000,1100.000,0.000,0.000,0.000,0.000,0.000,Sum across storage types
PDHD,Total,Tape,CERN,TB,5644.500,0.000,0.000,0.000,0.000,0.000,0.000,0.000,0.000,Sum across storage types
PDHD,Total,Tape,Global,TB,0.000,0.000,0.000,0.000,0.000,0.000,0.000,0.000,0.000,Sum across storage types
PDHD,Total,Tape,Total,TB,13051.000,2290.000,2290.000,1100.000,0.000,0.000,0.000,0.000,0.000,Sum across storage types
PDHD,Total,Disk,US,TB,4074.000,1007.500,1007.500,412.500,0.000,0.000,0.000,0.000,0.000,Sum across storage types
PDHD,Total,Disk,CERN,TB,3264.500,0.000,0.000,0.000,0.000,0.000,0.000,0.000,0.000,Sum across storage types
PDHD,Total,Disk,Global,TB,2428.500,3022.500,3022.500,1237.500,0.000,0.000,0.000,0.000,0.000,Sum across storage types
PDHD,Total,Disk,Total,TB,9767.000,4030.000,4030.000,1650.000,0.000,0.000,0.000,0.000,0.000,Sum across storage types
PDHD,Total,Cumulative-Tape,US,TB,7406.500,9651.500,11941.500,13041.500,13041.500,13041.500,13041.500,13041.500,13041.500,Sum across storage types
PDHD,Total,Cumulative-Tape,CERN,TB,5644.500,5599.500,5599.500,5599.500,5599.500,5599.500,5599.500,5599.500,5599.500,Sum across storage types
PDHD,Total,Cumulative-Tape,Global,TB,0.000,0.000,0.000,0.000,0.000,0.000,0.000,0.000,0.000,Sum across storage types
PDHD,Total,Cumulative-Tape,Total,TB,13051.000,15251.000,17541.000,18641.000,18641.000,18641.000,18641.000,18641.000,18641.000,Sum across storage types
PDHD,Total,Cumulative-Disk,US,TB,3631.750,4197.000,4395.000,2015.000,2015.000,2015.000,825.000,0.000,0.000,Sum across storage types
PDHD,Total,Cumulative-Disk,CERN,TB,2822.250,2380.000,2380.000,0.000,0.000,0.000,0.000,0.000,0.000,Sum across storage types
PDHD,Total,Cumulative-Disk,Global,TB,2428.500,5451.000,6045.000,6045.000,6045.000,6045.000,2475.000,0.000,0.000,Sum across storage types
PDHD,Total,Cumulative-Disk,Total,TB,8882.500,12028.000,12820.000,8060.000,8060.000,8060.000,3300.000,0.000,0.000,Sum across storage types
PDVD,Total,Tape,US,TB,704.020,5874.000,2737.000,1824.000,102.000,0.000,0.000,0.000,0.000,Sum across storage types
PDVD,Total,Tape,CERN,TB,561.100,4050.000,811.000,0.000,0.000,0.000,0.000,0.000,0.000,Sum across storage types
PDVD,Total,Tape,Global,TB,0.000,0.000,0.000,0.000,0.000,0.000,0.000,0.000,0.000,Sum across storage types
PDVD,Total,Tape,Total,TB,1265.120,9924.000,3548.000,1824.000,102.000,0.000,0.000,0.000,0.000,Sum across storage types
PDVD,Total,Disk,US,TB,346.945,3171.750,1353.250,771.750,51.000,0.000,0.000,0.000,0.000,Sum across storage types
PDVD,Total,Disk,CERN,TB,280.600,2400.000,530.500,0.000,0.000,0.000,0.000,0.000,0.000,Sum across storage types
PDVD,Total,Disk,Global,TB,199.035,2315.250,2468.250,2315.250,153.000,0.000,0.000,0.000,0.000,Sum across storage types
PDVD,Total,Disk,Total,TB,826.580,7887.000,4352.000,3087.000,204.000,0.000,0.000,0.000,0.000,Sum across storage types
PDVD,Total,Cumulative-Tape,US,TB,704.170,6578.070,9065.070,10639.070,10741.070,10741.070,10741.070,10741.070,10741.070,Sum across storage types
PDVD,Total,Cumulative-Tape,CERN,TB,561.250,4611.150,5172.150,4922.150,4922.150,4922.150,4922.150,4922.150,4922.150,Sum across storage types
PDVD,Total,Cumulative-Tape,Global,TB,0.000,0.000,0.000,0.000,0.000,0.000,0.000,0.000,0.000,Sum across storage types
PDVD,Total,Cumulative-Tape,Total,TB,1265.420,11189.220,14237.220,15561.220,15663.220,15663.220,15663.220,15663.220,15663.220,Sum across storage types
PDVD,Total,Cumulative-Disk,US,TB,346.895,3143.595,3930.500,3525.000,1875.000,1594.500,1594.500,753.000,0.000,Sum across storage types
PDVD,Total,Cumulative-Disk,CERN,TB,280.550,2305.500,2336.000,1930.500,280.500,0.000,0.000,0.000,0.000,Sum across storage types
PDVD,Total,Cumulative-Disk,Global,TB,199.035,2514.285,4783.500,4783.500,4783.500,4783.500,4783.500,2259.000,0.000,Sum across storage types
PDVD,Total,Cumulative-Disk,Total,TB,826.480,7963.380,11050.000,10239.000,6939.000,6378.000,6378.000,3012.000,0.000,Sum across storage types
FDVD,Total,Tape,US,TB,108.360,150.000,150.000,3000.000,6800.000,3270.000,19075.257,17022.704,17044.704,Sum across storage types
FDVD,Total,Tape,CERN,TB,0.000,0.000,0.000,0.000,0.000,0.000,0.000,0.000,0.000,Sum across storage types
FDVD,Total,Tape,Global,TB,108.360,150.000,150.000,3000.000,6800.000,3270.000,19075.257,17022.704,17044.704,Sum across storage types
FDVD,Total,Tape,Total,TB,216.720,300.000,300.000,6000.000,13600.000,6540.000,38150.515,34045.409,34089.409,Sum across storage types
FDVD,Total,Disk,US,TB,81.270,112.500,112.500,2962.500,6537.500,3165.000,10952.034,9792.198,9814.198,Sum across storage types
FDVD,Total,Disk,CERN,TB,0.000,0.000,0.000,0.000,0.000,0.000,0.000,0.000,0.000,Sum across storage types
FDVD,Total,Disk,Global,TB,243.810,337.500,337.500,3187.500,8112.500,3795.000,11626.034,10510.198,10576.198,Sum across storage types
FDVD,Total,Disk,Total,TB,325.080,450.000,450.000,6150.000,14650.000,6960.000,22578.068,20302.397,20390.397,Sum across storage types
FDVD,Total,Cumulative-Tape,US,TB,1100.070,1250.070,1400.070,4400.070,9900.070,8970.070,26745.327,42583.522,58575.594,Sum across storage types
FDVD,Total,Cumulative-Tape,CERN,TB,0.000,0.000,0.000,0.000,0.000,0.000,0.000,0.000,0.000,Sum across storage types
FDVD,Total,Cumulative-Tape,Global,TB,1100.070,1250.070,1400.070,4400.070,9900.070,8970.070,26745.327,42583.522,58575.594,Sum across storage types
FDVD,Total,Cumulative-Tape,Total,TB,2200.140,2500.140,2800.140,8800.140,19800.140,17940.140,53490.655,85167.043,117151.189,Sum across storage types
FDVD,Total,Cumulative-Disk,US,TB,140.895,193.770,225.000,1650.000,3775.000,2527.500,10441.129,17466.075,16617.358,Sum across storage types
FDVD,Total,Cumulative-Disk,CERN,TB,0.000,0.000,0.000,0.000,0.000,0.000,0.000,0.000,0.000,Sum across storage types
FDVD,Total,Cumulative-Disk,Global,TB,422.685,581.310,675.000,2100.000,5575.000,4732.500,12690.129,19803.075,19042.358,Sum across storage types
FDVD,Total,Cumulative-Disk,Total,TB,563.580,775.080,900.000,3750.000,9350.000,7260.000,23131.257,37269.151,35659.717,Sum across storage types
FDHD,Total,Tape,US,TB,226.290,150.000,150.000,2900.000,6500.000,3150.000,6675.237,9339.883,9361.883,Sum across storage types
FDHD,Total,Tape,CERN,TB,0.000,0.000,0.000,0.000,0.000,0.000,0.000,0.000,0.000,Sum across storage types
FDHD,Total,Tape,Global,TB,226.290,150.000,150.000,2900.000,6500.000,3150.000,6675.237,9339.883,9361.883,Sum across storage types
FDHD,Total,Tape,Total,TB,452.580,300.000,300.000,5800.000,13000.000,6300.000,13350.474,18679.765,18723.765,Sum across storage types
FDHD,Total,Disk,US,TB,169.718,112.500,112.500,2862.500,6250.000,3050.000,4695.966,5899.802,5921.802,Sum across storage types
FDHD,Total,Disk,CERN,TB,0.000,0.000,0.000,0.000,0.000,0.000,0.000,0.000,0.000,Sum across storage types
FDHD,Total,Disk,Global,TB,509.153,337.500,337.500,3087.500,7750.000,3650.000,5317.966,6565.802,6631.802,Sum across storage types
FDHD,Total,Disk,Total,TB,678.870,450.000,450.000,5950.000,14000.000,6700.000,10013.932,12465.603,12553.603,Sum across storage types
FDHD,Total,Cumulative-Tape,US,TB,462.130,612.130,762.130,3662.130,8912.130,8062.130,13487.367,21688.297,30038.034,Sum across storage types
FDHD,Total,Cumulative-Tape,CERN,TB,0.000,0.000,0.000,0.000,0.000,0.000,0.000,0.000,0.000,Sum across storage types
FDHD,Total,Cumulative-Tape,Global,TB,462.130,612.130,762.130,3662.130,8912.130,8062.130,13487.367,21688.297,30038.034,Sum across storage types
FDHD,Total,Cumulative-Tape,Total,TB,924.260,1224.260,1524.260,7324.260,17824.260,16124.260,26974.734,43376.595,60076.068,Sum across storage types
FDHD,Total,Cumulative-Disk,US,TB,332.903,282.218,225.000,1600.000,3612.500,2425.000,4193.118,7426.712,8931.522,Sum across storage types
FDHD,Total,Cumulative-Disk,CERN,TB,0.000,0.000,0.000,0.000,0.000,0.000,0.000,0.000,0.000,Sum across storage types
FDHD,Total,Cumulative-Disk,Global,TB,998.708,846.653,675.000,2050.000,5337.500,4525.000,6315.118,9614.712,11207.522,Sum across storage types
FDHD,Total,Cumulative-Disk,Total,TB,1331.610,1128.870,900.000,3650.000,8950.000,6950.000,10508.237,17041.425,20139.045,Sum across storage types
ND-SAND,Total,Tape,US,TB,100.000,112.500,162.500,162.500,562.500,750.000,875.000,1250.000,1150.000,Sum across storage types
ND-SAND,Total,Tape,CERN,TB,0.000,0.000,0.000,0.000,0.000,0.000,0.000,0.000,0.000,Sum across storage types
ND-SAND,Total,Tape,Global,TB,100.000,112.500,162.500,162.500,562.500,750.000,875.000,1250.000,1150.000,Sum across storage types
ND-SAND,Total,Tape,Total,TB,200.000,225.000,325.000,325.000,1125.000,1500.000,1750.000,2500.000,2300.000,Sum across storage types
ND-SAND,Total,Disk,US,TB,100.000,109.375,146.875,146.875,546.875,687.500,781.250,1062.500,925.000,Sum across storage types
ND-SAND,Total,Disk,CERN,TB,0.000,0.000,0.000,0.000,0.000,0.000,0.000,0.000,0.000,Sum across storage types
ND-SAND,Total,Disk,Global,TB,100.000,128.125,240.625,240.625,640.625,1062.500,1343.750,2187.500,2200.000,Sum across storage types
ND-SAND,Total,Disk,Total,TB,200.000,237.500,387.500,387.500,1187.500,1750.000,2125.000,3250.000,3125.000,Sum across storage types
ND-SAND,Total,Cumulative-Tape,US,TB,100.000,112.500,175.000,237.500,700.000,950.000,1325.000,2075.000,2725.000,Sum across storage types
ND-SAND,Total,Cumulative-Tape,CERN,TB,0.000,0.000,0.000,0.000,0.000,0.000,0.000,0.000,0.000,Sum across storage types
ND-SAND,Total,Cumulative-Tape,Global,TB,100.000,112.500,175.000,237.500,700.000,950.000,1325.000,2075.000,2725.000,Sum across storage types
ND-SAND,Total,Cumulative-Tape,Total,TB,200.000,225.000,350.000,475.000,1400.000,1900.000,2650.000,4150.000,5450.000,Sum across storage types
ND-SAND,Total,Cumulative-Disk,US,TB,50.000,59.375,106.250,143.750,343.750,484.375,718.750,1093.750,1362.500,Sum across storage types
ND-SAND,Total,Cumulative-Disk,CERN,TB,0.000,0.000,0.000,0.000,0.000,0.000,0.000,0.000,0.000,Sum across storage types
ND-SAND,Total,Cumulative-Disk,Global,TB,50.000,78.125,218.750,331.250,531.250,953.125,1656.250,2781.250,3762.500,Sum across storage types
ND-SAND,Total,Cumulative-Disk,Total,TB,100.000,137.500,325.000,475.000,875.000,1437.500,2375.000,3875.000,5125.000,Sum across storage types
ND-LAr+TMS,Total,Tape,US,TB,50.000,525.000,625.000,625.000,625.000,625.000,625.000,2000.000,2050.000,Sum across storage types
ND-LAr+TMS,Total,Tape,CERN,TB,0.000,0.000,0.000,0.000,0.000,0.000,0.000,0.000,0.000,Sum across storage types
ND-LAr+TMS,Total,Tape,Global,TB,50.000,525.000,625.000,625.000,625.000,625.000,625.000,2000.000,2050.000,Sum across storage types
ND-LAr+TMS,Total,Tape,Total,TB,100.000,1050.000,1250.000,1250.000,1250.000,1250.000,1250.000,4000.000,4100.000,Sum across storage types
ND-LAr+TMS,Total,Disk,US,TB,50.000,518.750,593.750,593.750,593.750,593.750,593.750,1625.000,1600.000,Sum across storage types
ND-LAr+TMS,Total,Disk,CERN,TB,0.000,0.000,0.000,0.000,0.000,0.000,0.000,0.000,0.000,Sum across storage types
ND-LAr+TMS,Total,Disk,Global,TB,50.000,556.250,781.250,781.250,781.250,781.250,781.250,3875.000,4150.000,Sum across storage types
ND-LAr+TMS,Total,Disk,Total,TB,100.000,1075.000,1375.000,1375.000,1375.000,1375.000,1375.000,5500.000,5750.000,Sum across storage types
ND-LAr+TMS,Total,Cumulative-Tape,US,TB,50.000,525.000,650.000,775.000,900.000,1025.000,1150.000,2650.000,4200.000,Sum across storage types
ND-LAr+TMS,Total,Cumulative-Tape,CERN,TB,0.000,0.000,0.000,0.000,0.000,0.000,0.000,0.000,0.000,Sum across storage types
ND-LAr+TMS,Total,Cumulative-Tape,Global,TB,50.000,525.000,650.000,775.000,900.000,1025.000,1150.000,2650.000,4200.000,Sum across storage types
ND-LAr+TMS,Total,Cumulative-Tape,Total,TB,100.000,1050.000,1300.000,1550.000,1800.000,2050.000,2300.000,5300.000,8400.000,Sum across storage types
ND-LAr+TMS,Total,Cumulative-Disk,US,TB,25.000,268.750,362.500,437.500,437.500,437.500,437.500,1468.750,2600.000,Sum across storage types
ND-LAr+TMS,Total,Cumulative-Disk,CERN,TB,0.000,0.000,0.000,0.000,0.000,0.000,0.000,0.000,0.000,Sum across storage types
ND-LAr+TMS,Total,Cumulative-Disk,Global,TB,25.000,306.250,587.500,812.500,812.500,812.500,812.500,3906.250,7400.000,Sum across storage types
ND-LAr+TMS,Total,Cumulative-Disk,Total,TB,50.000,575.000,950.000,1250.000,1250.000,1250.000,1250.000,5375.000,10000.000,Sum across storage types
Total,Total,Tape,US,TB,8908.075,9101.500,6114.500,9611.500,14589.500,7795.000,27250.494,29612.587,29606.587,Sum across storage types
Total,Total,Tape,CERN,TB,6281.300,4050.000,811.000,0.000,0.000,0.000,0.000,0.000,0.000,Sum across storage types
Total,Total,Tape,Global,TB,484.650,937.500,1087.500,6687.500,14487.500,7795.000,27250.494,29612.587,29606.587,Sum across storage types
Total,Total,Tape,Total,TB,15674.025,14089.000,8013.000,16299.000,29077.000,15590.000,54500.989,59225.174,59213.174,Sum across storage types
Total,Total,Disk,US,TB,4991.760,5032.375,3326.375,7749.875,13979.125,7496.250,17023.000,18379.500,18261.000,Sum across storage types
Total,Total,Disk,CERN,TB,3620.800,2400.000,530.500,0.000,0.000,0.000,0.000,0.000,0.000,Sum across storage types
Total,Total,Disk,Global,TB,3812.880,6697.125,7187.625,10849.625,17437.375,9288.750,19069.000,23138.500,23558.000,Sum across storage types
Total,Total,Disk,Total,TB,12425.440,14129.500,11044.500,18599.500,31416.500,16785.000,36092.000,41518.000,41819.000,Sum across storage types
Total,Total,Cumulative-Tape,US,TB,13467.435,22298.135,27562.635,36324.135,47763.635,46358.635,70059.129,96348.254,122890.064,Sum across storage types
Total,Total,Cumulative-Tape,CERN,TB,6411.580,10340.780,10901.780,10651.780,10651.780,10651.780,10651.780,10651.780,10651.780,Sum across storage types
Total,Total,Cumulative-Tape,Global,TB,1712.200,2499.700,2987.200,9074.700,20412.200,19007.200,42707.694,68996.819,95538.629,Sum across storage types
Total,Total,Cumulative-Tape,Total,TB,21591.215,35138.615,41451.615,56050.615,78827.615,76017.615,123418.604,175996.853,229080.472,Sum across storage types
Total,Total,Cumulative-Disk,US,TB,5562.845,9077.195,10176.738,10303.738,12058.750,9483.875,18209.997,28208.288,29511.381,Sum across storage types
Total,Total,Cumulative-Disk,CERN,TB,3205.715,4685.500,4716.000,1930.500,280.500,0.000,0.000,0.000,0.000,Sum across storage types
Total,Total,Cumulative-Disk,Global,TB,6921.390,12575.085,15782.212,18919.713,23084.750,21851.625,28732.497,38364.288,41412.381,Sum across storage types
Total,Total,Cumulative-Disk,Total,TB,15689.950,26337.780,30674.950,31153.950,35424.000,31335.500,46942.494,66572.576,70923.761,Sum across storage types
Store-Total,Raw-Data,Store,Total,TB,5321.000,3300.000,561.000,0.000,0.000,0.000,19794.989,20931.174,21156.174,show raw added storage/year
Store-Total,Reco-Sim,Store,Total,TB,1478.020,2897.000,3197.000,3197.000,4475.000,2390.000,2640.000,6140.000,6140.000,show raw added storage/year
Store-Total,Test,Store,Total,TB,541.600,1700.000,1700.000,6300.000,18400.000,7100.000,6646.925,6129.555,5129.555,show raw added storage/year
Store-Total,TP,Store,Total,TB,1679.000,1000.000,0.000,6100.000,6100.000,6100.000,5558.087,4939.271,4939.271,show raw added storage/year
SP,Store-Total,Store,Total,TB,195.800,0.000,0.000,0.000,0.000,0.000,0.000,0.000,0.000,show raw added storage/year
DP,Store-Total,Store,Total,TB,0.000,0.000,0.000,0.000,0.000,0.000,0.000,0.000,0.000,show raw added storage/year
Coldbox,Store-Total,Store,Total,TB,151.400,0.000,0.000,0.000,0.000,0.000,0.000,0.000,0.000,show raw added storage/year
PDHD,Store-Total,Store,Total,TB,7101.000,1100.000,1100.000,1100.000,0.000,0.000,0.000,0.000,0.000,show raw added storage/year
PDVD,Store-Total,Store,Total,TB,602.120,5922.000,2183.000,1122.000,0.000,0.000,0.000,0.000,0.000,show raw added storage/year
FDVD,Store-Total,Store,Total,TB,216.720,300.000,300.000,6000.000,13600.000,6540.000,22070.068,19706.397,19706.397,show raw added storage/year
FDHD,Store-Total,Store,Total,TB,452.580,300.000,300.000,5800.000,13000.000,6300.000,9569.932,11933.603,11933.603,show raw added storage/year
ND-SAND,Store-Total,Store,Total,TB,200.000,225.000,325.000,325.000,1125.000,1500.000,1750.000,2500.000,2075.000,show raw added storage/year
ND-LAr+TMS,Store-Total,Store,Total,TB,100.000,1050.000,1250.000,1250.000,1250.000,1250.000,1250.000,4000.000,3650.000,show raw added storage/year
Store-Total,Store-Total,Store,Total,TB,9019.620,8897.000,5458.000,15597.000,28975.000,15590.000,34640.000,38140.000,37365.000,show raw added storage/year
Total,Reco-Sim,CPU kHS23-Yr,US,kHS23-Yr,5.730,13.140,30.505,30.505,44.690,34.128,36.281,269.663,269.663,Resum across sites
Total,Reco-Sim,CPU kHS23-Yr,CERN,kHS23-Yr,0.495,1.359,1.359,1.359,0.000,0.000,0.000,0.000,0.000,Resum across sites
Total,Reco-Sim,CPU kHS23-Yr,Global,kHS23-Yr,6.225,14.499,31.864,31.864,44.690,34.128,36.281,269.663,269.663,Resum across sites
Total,Reco-Data,CPU kHS23-Yr,US,kHS23-Yr,4.818,8.265,8.875,4.198,0.610,0.000,3.858,8.949,24.294,Resum across sites
Total,Reco-Data,CPU kHS23-Yr,CERN,kHS23-Yr,1.205,2.066,2.219,1.050,0.153,0.000,0.000,0.000,0.000,Resum across sites
Total,Reco-Data,CPU kHS23-Yr,Global,kHS23-Yr,6.023,10.332,11.094,5.248,0.763,0.000,3.858,8.949,24.294,Resum across sites
Total,Analysis-Data,CPU kHS23-Yr,US,kHS23-Yr,2.409,4.203,4.508,4.438,4.438,2.404,4.333,4.474,9.584,Resum across sites
Total,Analysis-Data,CPU kHS23-Yr,CERN,kHS23-Yr,0.602,1.051,1.127,1.109,1.109,0.601,0.601,0.000,0.000,Resum across sites
Total,Analysis-Data,CPU kHS23-Yr,Global,kHS23-Yr,3.012,5.254,5.636,5.547,5.547,3.005,4.934,4.474,9.584,Resum across sites
Total,Analysis-Sim,CPU kHS23-Yr,US,kHS23-Yr,5.397,8.256,12.597,9.826,19.636,20.443,18.264,76.609,76.609,Resum across sites
Total,Analysis-Sim,CPU kHS23-Yr,CERN,kHS23-Yr,0.880,1.372,1.372,0.679,0.679,0.679,0.000,0.000,0.000,Resum across sites
Total,Analysis-Sim,CPU kHS23-Yr,Global,kHS23-Yr,6.277,9.629,13.970,10.505,20.316,21.123,18.264,76.609,76.609,Resum across sites
SP,Total,CPU kHS23-Yr,US,kHS23-Yr,3.250,2.772,2.772,0.000,0.000,0.000,0.000,0.000,0.000,Resum across sites
SP,Total,CPU kHS23-Yr,CERN,kHS23-Yr,0.813,0.693,0.693,0.000,0.000,0.000,0.000,0.000,0.000,Resum across sites
SP,Total,CPU kHS23-Yr,Global,kHS23-Yr,4.063,3.464,3.464,0.000,0.000,0.000,0.000,0.000,0.000,Resum across sites
DP,Total,CPU kHS23-Yr,US,kHS23-Yr,0.212,0.071,0.071,0.000,0.000,0.000,0.000,0.000,0.000,Resum across sites
DP,Total,CPU kHS23-Yr,CERN,kHS23-Yr,0.053,0.018,0.018,0.000,0.000,0.000,0.000,0.000,0.000,Resum across sites
DP,Total,CPU kHS23-Yr,Global,kHS23-Yr,0.265,0.088,0.088,0.000,0.000,0.000,0.000,0.000,0.000,Resum across sites
Coldbox,Total,CPU kHS23-Yr,US,kHS23-Yr,0.000,0.000,0.000,0.000,0.000,0.000,0.000,0.000,0.000,Resum across sites
Coldbox,Total,CPU kHS23-Yr,CERN,kHS23-Yr,0.000,0.000,0.000,0.000,0.000,0.000,0.000,0.000,0.000,Resum across sites
Coldbox,Total,CPU kHS23-Yr,Global,kHS23-Yr,0.000,0.000,0.000,0.000,0.000,0.000,0.000,0.000,0.000,Resum across sites
PDHD,Total,CPU kHS23-Yr,US,kHS23-Yr,8.199,10.137,10.137,6.070,3.379,1.345,0.000,0.000,0.000,Resum across sites
PDHD,Total,CPU kHS23-Yr,CERN,kHS23-Yr,2.050,2.534,2.534,1.517,0.845,0.336,0.000,0.000,0.000,Resum across sites
PDHD,Total,CPU kHS23-Yr,Global,kHS23-Yr,10.249,12.671,12.671,7.587,4.224,1.682,0.000,0.000,0.000,Resum across sites
PDVD,Total,CPU kHS23-Yr,US,kHS23-Yr,1.065,10.415,11.330,10.720,4.387,3.777,2.404,0.000,0.000,Resum across sites
PDVD,Total,CPU kHS23-Yr,CERN,kHS23-Yr,0.266,2.604,2.832,2.680,1.097,0.944,0.601,0.000,0.000,Resum across sites
PDVD,Total,CPU kHS23-Yr,Global,kHS23-Yr,1.332,13.018,14.162,13.400,5.483,4.721,3.005,0.000,0.000,Resum across sites
FDVD,Total,CPU kHS23-Yr,US,kHS23-Yr,1.822,2.523,2.523,2.523,17.658,10.595,14.532,18.468,22.405,Resum across sites
FDVD,Total,CPU kHS23-Yr,CERN,kHS23-Yr,0.000,0.000,0.000,0.000,0.000,0.000,0.000,0.000,0.000,Resum across sites
FDVD,Total,CPU kHS23-Yr,Global,kHS23-Yr,1.822,2.523,2.523,2.523,17.658,10.595,14.532,18.468,22.405,Resum across sites
FDHD,Total,CPU kHS23-Yr,US,kHS23-Yr,3.806,2.523,2.523,2.523,16.818,10.091,11.940,15.640,19.340,Resum across sites
FDHD,Total,CPU kHS23-Yr,CERN,kHS23-Yr,0.000,0.000,0.000,0.000,0.000,0.000,0.000,0.000,0.000,Resum across sites
FDHD,Total,CPU kHS23-Yr,Global,kHS23-Yr,3.806,2.523,2.523,2.523,16.818,10.091,11.940,15.640,19.340,Resum across sites
ND-SAND,Total,CPU kHS23-Yr,US,kHS23-Yr,0.000,0.269,1.345,1.345,1.345,5.382,8.072,16.145,16.182,Resum across sites
ND-SAND,Total,CPU kHS23-Yr,CERN,kHS23-Yr,0.000,0.000,0.000,0.000,0.000,0.000,0.000,0.000,0.000,Resum across sites
ND-SAND,Total,CPU kHS23-Yr,Global,kHS23-Yr,0.000,0.269,1.345,1.345,1.345,5.382,8.072,16.145,16.182,Resum across sites
ND-LAr+TMS,Total,CPU kHS23-Yr,US,kHS23-Yr,0.000,5.157,25.787,25.787,25.787,25.787,25.787,309.442,322.224,Resum across sites
ND-LAr+TMS,Total,CPU kHS23-Yr,CERN,kHS23-Yr,0.000,0.000,0.000,0.000,0.000,0.000,0.000,0.000,0.000,Resum across sites
ND-LAr+TMS,Total,CPU kHS23-Yr,Global,kHS23-Yr,0.000,5.157,25.787,25.787,25.787,25.787,25.787,309.442,322.224,Resum across sites
Total,Total,CPU kHS23-Yr,US,kHS23-Yr,18.355,33.865,56.486,48.967,69.374,56.976,62.736,359.696,380.151,Resum across sites
Total,Total,CPU kHS23-Yr,CERN,kHS23-Yr,3.182,5.848,6.077,4.197,1.941,1.280,0.601,0.000,0.000,Resum across sites
Total,Total,CPU kHS23-Yr,Global,kHS23-Yr,21.537,39.714,62.563,53.164,71.315,58.256,63.337,359.696,380.151,Resum across sites
